optimize_name,data_name,qubit,input_gates,p_t,seed,gates_aft,one-qubit_gates,two-qubit_gates,H_edge count,0,5,10,15,20,25,30,35,40,45,50,55,60,65,70,75,80,85,90,95,100,105,110,115,120,125,130,135,140,145,150,155,160,165,170,175,180,185,190,195,200,205
clifford_simp_not_post_basic,q4_gates500_pt0_seeds1000,4,500,0,1000,25,16,9,18,12,4,0,0,0,0,0,0,0,0,0,0,0,0,0,0,0,0,0,0,0,0,0,0,0,0,0,0,0,0,0,0,0,0,0,0,0,0,0,0,0,0
clifford_simp_not_post_basic,q4_gates500_pt0_seeds1001,4,500,0,1001,23,13,10,20,12,4,0,0,0,0,0,0,0,0,0,0,0,0,0,0,0,0,0,0,0,0,0,0,0,0,0,0,0,0,0,0,0,0,0,0,0,0,0,0,0,0
clifford_simp_not_post_basic,q4_gates500_pt0_seeds1002,4,500,0,1002,25,17,8,16,14,2,0,0,0,0,0,0,0,0,0,0,0,0,0,0,0,0,0,0,0,0,0,0,0,0,0,0,0,0,0,0,0,0,0,0,0,0,0,0,0,0
clifford_simp_not_post_basic,q4_gates500_pt0.04_seeds1000,4,500,0.04,1000,87,48,39,131,10,8,7,7,0,0,0,0,0,0,0,0,0,0,0,0,0,0,0,0,0,0,0,0,0,0,0,0,0,0,0,0,0,0,0,0,0,0,0,0,0,0
clifford_simp_not_post_basic,q4_gates500_pt0.04_seeds1001,4,500,0.04,1001,62,38,24,56,12,12,2,0,0,0,0,0,0,0,0,0,0,0,0,0,0,0,0,0,0,0,0,0,0,0,0,0,0,0,0,0,0,0,0,0,0,0,0,0,0,0
clifford_simp_not_post_basic,q4_gates500_pt0.04_seeds1002,4,500,0.04,1002,114,58,56,124,11,15,11,1,0,0,0,0,0,0,0,0,0,0,0,0,0,0,0,0,0,0,0,0,0,0,0,0,0,0,0,0,0,0,0,0,0,0,0,0,0,0
clifford_simp_not_post_basic,q4_gates500_pt0.08_seeds1000,4,500,0.08,1000,162,88,74,158,23,23,10,0,0,0,0,0,0,0,0,0,0,0,0,0,0,0,0,0,0,0,0,0,0,0,0,0,0,0,0,0,0,0,0,0,0,0,0,0,0,0
clifford_simp_not_post_basic,q4_gates500_pt0.08_seeds1001,4,500,0.08,1001,161,82,79,161,15,33,3,2,0,0,0,0,0,0,0,0,0,0,0,0,0,0,0,0,0,0,0,0,0,0,0,0,0,0,0,0,0,0,0,0,0,0,0,0,0,0
clifford_simp_not_post_basic,q4_gates500_pt0.08_seeds1002,4,500,0.08,1002,190,107,83,173,29,28,9,0,0,0,0,0,0,0,0,0,0,0,0,0,0,0,0,0,0,0,0,0,0,0,0,0,0,0,0,0,0,0,0,0,0,0,0,0,0,0
clifford_simp_not_post_basic,q4_gates500_pt0.12_seeds1000,4,500,0.12,1000,165,90,75,180,23,14,12,5,0,0,0,0,0,0,0,0,0,0,0,0,0,0,0,0,0,0,0,0,0,0,0,0,0,0,0,0,0,0,0,0,0,0,0,0,0,0
clifford_simp_not_post_basic,q4_gates500_pt0.12_seeds1001,4,500,0.12,1001,180,99,81,185,25,19,12,2,1,0,0,0,0,0,0,0,0,0,0,0,0,0,0,0,0,0,0,0,0,0,0,0,0,0,0,0,0,0,0,0,0,0,0,0,0,0
clifford_simp_not_post_basic,q4_gates500_pt0.12_seeds1002,4,500,0.12,1002,228,129,99,219,27,41,7,1,1,0,0,0,0,0,0,0,0,0,0,0,0,0,0,0,0,0,0,0,0,0,0,0,0,0,0,0,0,0,0,0,0,0,0,0,0,0
clifford_simp_not_post_basic,q4_gates500_pt0.16_seeds1000,4,500,0.16,1000,183,106,77,197,25,23,13,1,0,0,0,0,0,0,0,0,0,0,0,0,0,0,0,0,0,0,0,0,0,0,0,0,0,0,0,0,0,0,0,0,0,0,0,0,0,0
clifford_simp_not_post_basic,q4_gates500_pt0.16_seeds1001,4,500,0.16,1001,202,108,94,205,22,24,14,1,1,0,0,0,0,0,0,0,0,0,0,0,0,0,0,0,0,0,0,0,0,0,0,0,0,0,0,0,0,0,0,0,0,0,0,0,0,0
clifford_simp_not_post_basic,q4_gates500_pt0.16_seeds1002,4,500,0.16,1002,237,133,104,245,30,33,12,4,0,0,0,0,0,0,0,0,0,0,0,0,0,0,0,0,0,0,0,0,0,0,0,0,0,0,0,0,0,0,0,0,0,0,0,0,0,0
clifford_simp_not_post_basic,q4_gates500_pt0.2_seeds1000,4,500,0.2,1000,196,114,82,174,29,34,5,0,0,0,0,0,0,0,0,0,0,0,0,0,0,0,0,0,0,0,0,0,0,0,0,0,0,0,0,0,0,0,0,0,0,0,0,0,0,0
clifford_simp_not_post_basic,q4_gates500_pt0.2_seeds1001,4,500,0.2,1001,220,117,103,290,25,18,12,11,2,0,1,0,0,0,0,0,0,0,0,0,0,0,0,0,0,0,0,0,0,0,0,0,0,0,0,0,0,0,0,0,0,0,0,0,0,0
clifford_simp_not_post_basic,q4_gates500_pt0.2_seeds1002,4,500,0.2,1002,232,136,96,209,39,36,8,0,0,0,0,0,0,0,0,0,0,0,0,0,0,0,0,0,0,0,0,0,0,0,0,0,0,0,0,0,0,0,0,0,0,0,0,0,0,0
clifford_simp_not_post_basic,q4_gates500_pt0.4_seeds1000,4,500,0.4,1000,199,110,89,199,32,20,15,1,0,0,0,0,0,0,0,0,0,0,0,0,0,0,0,0,0,0,0,0,0,0,0,0,0,0,0,0,0,0,0,0,0,0,0,0,0,0
clifford_simp_not_post_basic,q4_gates500_pt0.4_seeds1001,4,500,0.4,1001,260,149,111,218,49,31,11,0,0,0,0,0,0,0,0,0,0,0,0,0,0,0,0,0,0,0,0,0,0,0,0,0,0,0,0,0,0,0,0,0,0,0,0,0,0,0
clifford_simp_not_post_basic,q4_gates500_pt0.4_seeds1002,4,500,0.4,1002,223,133,90,191,43,32,6,0,0,0,0,0,0,0,0,0,0,0,0,0,0,0,0,0,0,0,0,0,0,0,0,0,0,0,0,0,0,0,0,0,0,0,0,0,0,0
clifford_simp_not_post_basic,q4_gates1000_pt0_seeds1000,4,1000,0,1000,18,15,3,11,14,1,0,0,0,0,0,0,0,0,0,0,0,0,0,0,0,0,0,0,0,0,0,0,0,0,0,0,0,0,0,0,0,0,0,0,0,0,0,0,0,0
clifford_simp_not_post_basic,q4_gates1000_pt0_seeds1001,4,1000,0,1001,27,18,9,18,13,3,0,0,0,0,0,0,0,0,0,0,0,0,0,0,0,0,0,0,0,0,0,0,0,0,0,0,0,0,0,0,0,0,0,0,0,0,0,0,0,0
clifford_simp_not_post_basic,q4_gates1000_pt0_seeds1002,4,1000,0,1002,28,18,10,20,11,5,0,0,0,0,0,0,0,0,0,0,0,0,0,0,0,0,0,0,0,0,0,0,0,0,0,0,0,0,0,0,0,0,0,0,0,0,0,0,0,0
clifford_simp_not_post_basic,q4_gates1000_pt0.04_seeds1000,4,1000,0.04,1000,161,83,78,193,16,17,12,3,2,0,0,0,0,0,0,0,0,0,0,0,0,0,0,0,0,0,0,0,0,0,0,0,0,0,0,0,0,0,0,0,0,0,0,0,0,0
clifford_simp_not_post_basic,q4_gates1000_pt0.04_seeds1001,4,1000,0.04,1001,124,68,56,136,16,14,8,4,0,0,0,0,0,0,0,0,0,0,0,0,0,0,0,0,0,0,0,0,0,0,0,0,0,0,0,0,0,0,0,0,0,0,0,0,0,0
clifford_simp_not_post_basic,q4_gates1000_pt0.04_seeds1002,4,1000,0.04,1002,157,83,74,193,13,16,13,7,0,0,0,0,0,0,0,0,0,0,0,0,0,0,0,0,0,0,0,0,0,0,0,0,0,0,0,0,0,0,0,0,0,0,0,0,0,0
clifford_simp_not_post_basic,q4_gates1000_pt0.08_seeds1000,4,1000,0.08,1000,290,154,136,308,27,35,23,1,1,0,0,0,0,0,0,0,0,0,0,0,0,0,0,0,0,0,0,0,0,0,0,0,0,0,0,0,0,0,0,0,0,0,0,0,0,0
clifford_simp_not_post_basic,q4_gates1000_pt0.08_seeds1001,4,1000,0.08,1001,302,155,147,321,21,46,16,5,0,0,0,0,0,0,0,0,0,0,0,0,0,0,0,0,0,0,0,0,0,0,0,0,0,0,0,0,0,0,0,0,0,0,0,0,0,0
clifford_simp_not_post_basic,q4_gates1000_pt0.08_seeds1002,4,1000,0.08,1002,315,174,141,353,35,39,20,4,3,0,0,0,0,0,0,0,0,0,0,0,0,0,0,0,0,0,0,0,0,0,0,0,0,0,0,0,0,0,0,0,0,0,0,0,0,0
clifford_simp_not_post_basic,q4_gates1000_pt0.12_seeds1000,4,1000,0.12,1000,316,169,147,361,34,28,25,10,0,0,0,0,0,0,0,0,0,0,0,0,0,0,0,0,0,0,0,0,0,0,0,0,0,0,0,0,0,0,0,0,0,0,0,0,0,0
clifford_simp_not_post_basic,q4_gates1000_pt0.12_seeds1001,4,1000,0.12,1001,330,179,151,318,38,47,15,2,1,0,0,0,0,0,0,0,0,0,0,0,0,0,0,0,0,0,0,0,0,0,0,0,0,0,0,0,0,0,0,0,0,0,0,0,0,0
clifford_simp_not_post_basic,q4_gates1000_pt0.12_seeds1002,4,1000,0.12,1002,373,202,171,398,37,50,20,6,2,0,0,0,0,0,0,0,0,0,0,0,0,0,0,0,0,0,0,0,0,0,0,0,0,0,0,0,0,0,0,0,0,0,0,0,0,0
clifford_simp_not_post_basic,q4_gates1000_pt0.16_seeds1000,4,1000,0.16,1000,412,227,185,425,47,55,25,3,0,0,0,0,0,0,0,0,0,0,0,0,0,0,0,0,0,0,0,0,0,0,0,0,0,0,0,0,0,0,0,0,0,0,0,0,0,0
clifford_simp_not_post_basic,q4_gates1000_pt0.16_seeds1001,4,1000,0.16,1001,426,224,202,409,44,56,24,1,1,0,0,0,0,0,0,0,0,0,0,0,0,0,0,0,0,0,0,0,0,0,0,0,0,0,0,0,0,0,0,0,0,0,0,0,0,0
clifford_simp_not_post_basic,q4_gates1000_pt0.16_seeds1002,4,1000,0.16,1002,410,220,190,427,34,58,25,5,1,0,0,0,0,0,0,0,0,0,0,0,0,0,0,0,0,0,0,0,0,0,0,0,0,0,0,0,0,0,0,0,0,0,0,0,0,0
clifford_simp_not_post_basic,q4_gates1000_pt0.2_seeds1000,4,1000,0.2,1000,421,226,195,414,46,60,17,6,0,0,0,0,0,0,0,0,0,0,0,0,0,0,0,0,0,0,0,0,0,0,0,0,0,0,0,0,0,0,0,0,0,0,0,0,0,0
clifford_simp_not_post_basic,q4_gates1000_pt0.2_seeds1001,4,1000,0.2,1001,407,238,169,420,61,49,15,8,1,0,0,0,0,0,0,0,0,0,0,0,0,0,0,0,0,0,0,0,0,0,0,0,0,0,0,0,0,0,0,0,0,0,0,0,0,0
clifford_simp_not_post_basic,q4_gates1000_pt0.2_seeds1002,4,1000,0.2,1002,436,241,195,387,60,57,20,0,0,0,0,0,0,0,0,0,0,0,0,0,0,0,0,0,0,0,0,0,0,0,0,0,0,0,0,0,0,0,0,0,0,0,0,0,0,0
clifford_simp_not_post_basic,q4_gates1000_pt0.4_seeds1000,4,1000,0.4,1000,467,270,197,406,78,61,17,1,0,0,0,0,0,0,0,0,0,0,0,0,0,0,0,0,0,0,0,0,0,0,0,0,0,0,0,0,0,0,0,0,0,0,0,0,0,0
clifford_simp_not_post_basic,q4_gates1000_pt0.4_seeds1001,4,1000,0.4,1001,450,260,190,372,80,63,10,0,0,0,0,0,0,0,0,0,0,0,0,0,0,0,0,0,0,0,0,0,0,0,0,0,0,0,0,0,0,0,0,0,0,0,0,0,0,0
clifford_simp_not_post_basic,q4_gates1000_pt0.4_seeds1002,4,1000,0.4,1002,424,243,181,412,64,54,21,2,1,0,0,0,0,0,0,0,0,0,0,0,0,0,0,0,0,0,0,0,0,0,0,0,0,0,0,0,0,0,0,0,0,0,0,0,0,0
clifford_simp_not_post_basic,q4_gates5000_pt0_seeds1000,4,5000,0,1000,26,14,12,16,11,5,0,0,0,0,0,0,0,0,0,0,0,0,0,0,0,0,0,0,0,0,0,0,0,0,0,0,0,0,0,0,0,0,0,0,0,0,0,0,0,0
clifford_simp_not_post_basic,q4_gates5000_pt0_seeds1001,4,5000,0,1001,21,13,8,14,12,3,0,0,0,0,0,0,0,0,0,0,0,0,0,0,0,0,0,0,0,0,0,0,0,0,0,0,0,0,0,0,0,0,0,0,0,0,0,0,0,0
clifford_simp_not_post_basic,q4_gates5000_pt0_seeds1002,4,5000,0,1002,24,16,8,17,13,3,0,0,0,0,0,0,0,0,0,0,0,0,0,0,0,0,0,0,0,0,0,0,0,0,0,0,0,0,0,0,0,0,0,0,0,0,0,0,0,0
clifford_simp_not_post_basic,q4_gates5000_pt0.04_seeds1000,4,5000,0.04,1000,689,352,337,961,42,59,47,19,18,4,0,0,0,0,0,0,0,0,0,0,0,0,0,0,0,0,0,0,0,0,0,0,0,0,0,0,0,0,0,0,0,0,0,0,0,0
clifford_simp_not_post_basic,q4_gates5000_pt0.04_seeds1001,4,5000,0.04,1001,740,383,357,1085,36,63,50,35,14,5,1,0,0,0,0,0,0,0,0,0,0,0,0,0,0,0,0,0,0,0,0,0,0,0,0,0,0,0,0,0,0,0,0,0,0,0
clifford_simp_not_post_basic,q4_gates5000_pt0.04_seeds1002,4,5000,0.04,1002,712,364,348,803,38,79,65,8,3,0,0,0,0,0,0,0,0,0,0,0,0,0,0,0,0,0,0,0,0,0,0,0,0,0,0,0,0,0,0,0,0,0,0,0,0,0
clifford_simp_not_post_basic,q4_gates5000_pt0.08_seeds1000,4,5000,0.08,1000,1231,631,600,1510,77,132,70,41,12,4,1,0,0,0,0,0,0,0,0,0,0,0,0,0,0,0,0,0,0,0,0,0,0,0,0,0,0,0,0,0,0,0,0,0,0,0
clifford_simp_not_post_basic,q4_gates5000_pt0.08_seeds1001,4,5000,0.08,1001,1288,654,634,1360,73,175,76,19,4,0,0,0,0,0,0,0,0,0,0,0,0,0,0,0,0,0,0,0,0,0,0,0,0,0,0,0,0,0,0,0,0,0,0,0,0,0
clifford_simp_not_post_basic,q4_gates5000_pt0.08_seeds1002,4,5000,0.08,1002,1315,695,620,1340,95,186,74,15,2,0,0,0,0,0,0,0,0,0,0,0,0,0,0,0,0,0,0,0,0,0,0,0,0,0,0,0,0,0,0,0,0,0,0,0,0,0
clifford_simp_not_post_basic,q4_gates5000_pt0.12_seeds1000,4,5000,0.12,1000,1520,802,718,1608,113,198,85,27,5,0,0,0,0,0,0,0,0,0,0,0,0,0,0,0,0,0,0,0,0,0,0,0,0,0,0,0,0,0,0,0,0,0,0,0,0,0
clifford_simp_not_post_basic,q4_gates5000_pt0.12_seeds1001,4,5000,0.12,1001,1568,821,747,1508,120,221,78,15,2,0,0,0,0,0,0,0,0,0,0,0,0,0,0,0,0,0,0,0,0,0,0,0,0,0,0,0,0,0,0,0,0,0,0,0,0,0
clifford_simp_not_post_basic,q4_gates5000_pt0.12_seeds1002,4,5000,0.12,1002,1645,857,788,1786,108,199,110,33,4,0,0,0,0,0,0,0,0,0,0,0,0,0,0,0,0,0,0,0,0,0,0,0,0,0,0,0,0,0,0,0,0,0,0,0,0,0
clifford_simp_not_post_basic,q4_gates5000_pt0.16_seeds1000,4,5000,0.16,1000,1752,946,806,1863,162,219,90,18,12,4,2,0,0,0,0,0,0,0,0,0,0,0,0,0,0,0,0,0,0,0,0,0,0,0,0,0,0,0,0,0,0,0,0,0,0,0
clifford_simp_not_post_basic,q4_gates5000_pt0.16_seeds1001,4,5000,0.16,1001,1961,1048,913,1844,169,290,85,16,2,0,0,0,0,0,0,0,0,0,0,0,0,0,0,0,0,0,0,0,0,0,0,0,0,0,0,0,0,0,0,0,0,0,0,0,0,0
clifford_simp_not_post_basic,q4_gates5000_pt0.16_seeds1002,4,5000,0.16,1002,1959,1050,909,1919,189,267,84,22,5,0,1,0,0,0,0,0,0,0,0,0,0,0,0,0,0,0,0,0,0,0,0,0,0,0,0,0,0,0,0,0,0,0,0,0,0,0
clifford_simp_not_post_basic,q4_gates5000_pt0.2_seeds1000,4,5000,0.2,1000,1927,1044,883,1794,185,292,72,10,2,0,1,0,0,0,0,0,0,0,0,0,0,0,0,0,0,0,0,0,0,0,0,0,0,0,0,0,0,0,0,0,0,0,0,0,0,0
clifford_simp_not_post_basic,q4_gates5000_pt0.2_seeds1001,4,5000,0.2,1001,1912,1049,863,1811,207,262,80,15,1,1,0,0,0,0,0,0,0,0,0,0,0,0,0,0,0,0,0,0,0,0,0,0,0,0,0,0,0,0,0,0,0,0,0,0,0,0
clifford_simp_not_post_basic,q4_gates5000_pt0.2_seeds1002,4,5000,0.2,1002,2048,1109,939,1984,188,295,87,24,2,1,0,0,0,0,0,0,0,0,0,0,0,0,0,0,0,0,0,0,0,0,0,0,0,0,0,0,0,0,0,0,0,0,0,0,0,0
clifford_simp_not_post_basic,q4_gates5000_pt0.4_seeds1000,4,5000,0.4,1000,2114,1180,934,1866,278,292,69,6,3,0,0,0,0,0,0,0,0,0,0,0,0,0,0,0,0,0,0,0,0,0,0,0,0,0,0,0,0,0,0,0,0,0,0,0,0,0
clifford_simp_not_post_basic,q4_gates5000_pt0.4_seeds1001,4,5000,0.4,1001,2261,1324,937,1883,373,295,64,1,0,0,0,0,0,0,0,0,0,0,0,0,0,0,0,0,0,0,0,0,0,0,0,0,0,0,0,0,0,0,0,0,0,0,0,0,0,0
clifford_simp_not_post_basic,q4_gates5000_pt0.4_seeds1002,4,5000,0.4,1002,2123,1244,879,1867,337,268,72,8,0,0,0,0,0,0,0,0,0,0,0,0,0,0,0,0,0,0,0,0,0,0,0,0,0,0,0,0,0,0,0,0,0,0,0,0,0,0
clifford_simp_not_post_basic,q4_gates10000_pt0_seeds1000,4,10000,0,1000,26,18,8,15,12,3,0,0,0,0,0,0,0,0,0,0,0,0,0,0,0,0,0,0,0,0,0,0,0,0,0,0,0,0,0,0,0,0,0,0,0,0,0,0,0,0
clifford_simp_not_post_basic,q4_gates10000_pt0_seeds1001,4,10000,0,1001,30,19,11,21,9,7,0,0,0,0,0,0,0,0,0,0,0,0,0,0,0,0,0,0,0,0,0,0,0,0,0,0,0,0,0,0,0,0,0,0,0,0,0,0,0,0
clifford_simp_not_post_basic,q4_gates10000_pt0_seeds1002,4,10000,0,1002,25,16,9,15,13,3,0,0,0,0,0,0,0,0,0,0,0,0,0,0,0,0,0,0,0,0,0,0,0,0,0,0,0,0,0,0,0,0,0,0,0,0,0,0,0,0
clifford_simp_not_post_basic,q4_gates10000_pt0.04_seeds1000,4,10000,0.04,1000,1403,726,677,1800,70,132,105,53,14,2,0,0,0,0,0,0,0,0,0,0,0,0,0,0,0,0,0,0,0,0,0,0,0,0,0,0,0,0,0,0,0,0,0,0,0,0
clifford_simp_not_post_basic,q4_gates10000_pt0.04_seeds1001,4,10000,0.04,1001,1500,752,748,2486,60,127,78,51,31,21,21,6,1,0,0,0,0,0,0,0,0,0,0,0,0,0,0,0,0,0,0,0,0,0,0,0,0,0,0,0,0,0,0,0,0,0
clifford_simp_not_post_basic,q4_gates10000_pt0.04_seeds1002,4,10000,0.04,1002,1463,748,715,1776,81,147,114,31,14,5,0,0,0,0,0,0,0,0,0,0,0,0,0,0,0,0,0,0,0,0,0,0,0,0,0,0,0,0,0,0,0,0,0,0,0,0
clifford_simp_not_post_basic,q4_gates10000_pt0.08_seeds1000,4,10000,0.08,1000,2415,1257,1158,2807,142,303,130,52,29,2,1,1,0,0,0,0,0,0,0,0,0,0,0,0,0,0,0,0,0,0,0,0,0,0,0,0,0,0,0,0,0,0,0,0,0,0
clifford_simp_not_post_basic,q4_gates10000_pt0.08_seeds1001,4,10000,0.08,1001,2563,1319,1244,2672,162,335,152,40,4,0,0,0,0,0,0,0,0,0,0,0,0,0,0,0,0,0,0,0,0,0,0,0,0,0,0,0,0,0,0,0,0,0,0,0,0,0
clifford_simp_not_post_basic,q4_gates10000_pt0.08_seeds1002,4,10000,0.08,1002,2565,1337,1228,2699,149,377,133,39,7,0,0,0,0,0,0,0,0,0,0,0,0,0,0,0,0,0,0,0,0,0,0,0,0,0,0,0,0,0,0,0,0,0,0,0,0,0
clifford_simp_not_post_basic,q4_gates10000_pt0.12_seeds1000,4,10000,0.12,1000,3053,1599,1454,3236,212,395,173,46,12,4,0,0,0,0,0,0,0,0,0,0,0,0,0,0,0,0,0,0,0,0,0,0,0,0,0,0,0,0,0,0,0,0,0,0,0,0
clifford_simp_not_post_basic,q4_gates10000_pt0.12_seeds1001,4,10000,0.12,1001,3269,1717,1552,3109,240,488,152,26,2,0,0,0,0,0,0,0,0,0,0,0,0,0,0,0,0,0,0,0,0,0,0,0,0,0,0,0,0,0,0,0,0,0,0,0,0,0
clifford_simp_not_post_basic,q4_gates10000_pt0.12_seeds1002,4,10000,0.12,1002,3192,1661,1531,3450,217,396,184,59,17,2,0,0,0,0,0,0,0,0,0,0,0,0,0,0,0,0,0,0,0,0,0,0,0,0,0,0,0,0,0,0,0,0,0,0,0,0
clifford_simp_not_post_basic,q4_gates10000_pt0.16_seeds1000,4,10000,0.16,1000,3620,1944,1676,3689,308,471,187,48,13,0,1,0,0,0,0,0,0,0,0,0,0,0,0,0,0,0,0,0,0,0,0,0,0,0,0,0,0,0,0,0,0,0,0,0,0,0
clifford_simp_not_post_basic,q4_gates10000_pt0.16_seeds1001,4,10000,0.16,1001,3867,2082,1785,3646,330,588,157,30,4,0,0,0,0,0,0,0,0,0,0,0,0,0,0,0,0,0,0,0,0,0,0,0,0,0,0,0,0,0,0,0,0,0,0,0,0,0
clifford_simp_not_post_basic,q4_gates10000_pt0.16_seeds1002,4,10000,0.16,1002,3710,1991,1719,3573,321,531,170,29,8,0,0,0,0,0,0,0,0,0,0,0,0,0,0,0,0,0,0,0,0,0,0,0,0,0,0,0,0,0,0,0,0,0,0,0,0,0
clifford_simp_not_post_basic,q4_gates10000_pt0.2_seeds1000,4,10000,0.2,1000,3938,2126,1812,3911,372,529,156,57,13,3,0,0,0,0,0,0,0,0,0,0,0,0,0,0,0,0,0,0,0,0,0,0,0,0,0,0,0,0,0,0,0,0,0,0,0,0
clifford_simp_not_post_basic,q4_gates10000_pt0.2_seeds1001,4,10000,0.2,1001,3956,2169,1787,3638,416,556,157,24,2,0,0,0,0,0,0,0,0,0,0,0,0,0,0,0,0,0,0,0,0,0,0,0,0,0,0,0,0,0,0,0,0,0,0,0,0,0
clifford_simp_not_post_basic,q4_gates10000_pt0.2_seeds1002,4,10000,0.2,1002,3890,2112,1778,3670,352,582,156,34,1,1,0,0,0,0,0,0,0,0,0,0,0,0,0,0,0,0,0,0,0,0,0,0,0,0,0,0,0,0,0,0,0,0,0,0,0,0
clifford_simp_not_post_basic,q4_gates10000_pt0.4_seeds1000,4,10000,0.4,1000,4319,2438,1881,3751,579,607,127,15,1,0,0,0,0,0,0,0,0,0,0,0,0,0,0,0,0,0,0,0,0,0,0,0,0,0,0,0,0,0,0,0,0,0,0,0,0,0
clifford_simp_not_post_basic,q4_gates10000_pt0.4_seeds1001,4,10000,0.4,1001,4356,2508,1848,3739,668,564,130,11,4,0,0,0,0,0,0,0,0,0,0,0,0,0,0,0,0,0,0,0,0,0,0,0,0,0,0,0,0,0,0,0,0,0,0,0,0,0
clifford_simp_not_post_basic,q4_gates10000_pt0.4_seeds1002,4,10000,0.4,1002,4295,2501,1794,3694,657,567,137,8,0,0,0,0,0,0,0,0,0,0,0,0,0,0,0,0,0,0,0,0,0,0,0,0,0,0,0,0,0,0,0,0,0,0,0,0,0,0
clifford_simp_not_post_basic,q8_gates500_pt0_seeds1000,8,500,0,1000,80,36,44,73,17,9,6,0,0,0,0,0,0,0,0,0,0,0,0,0,0,0,0,0,0,0,0,0,0,0,0,0,0,0,0,0,0,0,0,0,0,0,0,0,0,0
clifford_simp_not_post_basic,q8_gates500_pt0_seeds1001,8,500,0,1001,80,34,46,73,17,9,6,0,0,0,0,0,0,0,0,0,0,0,0,0,0,0,0,0,0,0,0,0,0,0,0,0,0,0,0,0,0,0,0,0,0,0,0,0,0,0
clifford_simp_not_post_basic,q8_gates500_pt0_seeds1002,8,500,0,1002,81,34,47,73,16,9,7,0,0,0,0,0,0,0,0,0,0,0,0,0,0,0,0,0,0,0,0,0,0,0,0,0,0,0,0,0,0,0,0,0,0,0,0,0,0,0
clifford_simp_not_post_basic,q8_gates500_pt0.04_seeds1000,8,500,0.04,1000,191,73,118,288,16,1,4,21,7,0,0,0,0,0,0,0,0,0,0,0,0,0,0,0,0,0,0,0,0,0,0,0,0,0,0,0,0,0,0,0,0,0,0,0,0,0
clifford_simp_not_post_basic,q8_gates500_pt0.04_seeds1001,8,500,0.04,1001,139,51,88,181,16,1,16,8,1,0,0,0,0,0,0,0,0,0,0,0,0,0,0,0,0,0,0,0,0,0,0,0,0,0,0,0,0,0,0,0,0,0,0,0,0,0
clifford_simp_not_post_basic,q8_gates500_pt0.04_seeds1002,8,500,0.04,1002,217,78,139,354,16,0,4,8,21,3,0,0,0,0,0,0,0,0,0,0,0,0,0,0,0,0,0,0,0,0,0,0,0,0,0,0,0,0,0,0,0,0,0,0,0,0
clifford_simp_not_post_basic,q8_gates500_pt0.08_seeds1000,8,500,0.08,1000,244,96,148,312,24,2,9,21,6,0,0,0,0,0,0,0,0,0,0,0,0,0,0,0,0,0,0,0,0,0,0,0,0,0,0,0,0,0,0,0,0,0,0,0,0,0
clifford_simp_not_post_basic,q8_gates500_pt0.08_seeds1001,8,500,0.08,1001,249,92,157,420,19,4,3,8,21,7,0,0,0,0,0,0,0,0,0,0,0,0,0,0,0,0,0,0,0,0,0,0,0,0,0,0,0,0,0,0,0,0,0,0,0,0
clifford_simp_not_post_basic,q8_gates500_pt0.08_seeds1002,8,500,0.08,1002,244,88,156,400,20,5,5,10,15,7,0,0,0,0,0,0,0,0,0,0,0,0,0,0,0,0,0,0,0,0,0,0,0,0,0,0,0,0,0,0,0,0,0,0,0,0
clifford_simp_not_post_basic,q8_gates500_pt0.12_seeds1000,8,500,0.12,1000,249,99,150,347,24,6,11,18,8,0,0,0,0,0,0,0,0,0,0,0,0,0,0,0,0,0,0,0,0,0,0,0,0,0,0,0,0,0,0,0,0,0,0,0,0,0
clifford_simp_not_post_basic,q8_gates500_pt0.12_seeds1001,8,500,0.12,1001,306,114,192,612,20,4,2,11,7,16,12,0,0,0,0,0,0,0,0,0,0,0,0,0,0,0,0,0,0,0,0,0,0,0,0,0,0,0,0,0,0,0,0,0,0,0
clifford_simp_not_post_basic,q8_gates500_pt0.12_seeds1002,8,500,0.12,1002,357,131,226,394,32,18,14,21,5,0,0,0,0,0,0,0,0,0,0,0,0,0,0,0,0,0,0,0,0,0,0,0,0,0,0,0,0,0,0,0,0,0,0,0,0,0
clifford_simp_not_post_basic,q8_gates500_pt0.16_seeds1000,8,500,0.16,1000,305,120,185,372,26,9,24,15,2,2,1,0,0,0,0,0,0,0,0,0,0,0,0,0,0,0,0,0,0,0,0,0,0,0,0,0,0,0,0,0,0,0,0,0,0,0
clifford_simp_not_post_basic,q8_gates500_pt0.16_seeds1001,8,500,0.16,1001,333,122,211,379,26,13,17,19,5,0,0,0,0,0,0,0,0,0,0,0,0,0,0,0,0,0,0,0,0,0,0,0,0,0,0,0,0,0,0,0,0,0,0,0,0,0
clifford_simp_not_post_basic,q8_gates500_pt0.16_seeds1002,8,500,0.16,1002,386,153,233,397,42,23,16,14,5,0,0,0,0,0,0,0,0,0,0,0,0,0,0,0,0,0,0,0,0,0,0,0,0,0,0,0,0,0,0,0,0,0,0,0,0,0
clifford_simp_not_post_basic,q8_gates500_pt0.2_seeds1000,8,500,0.2,1000,323,123,200,397,32,13,17,9,9,4,0,0,0,0,0,0,0,0,0,0,0,0,0,0,0,0,0,0,0,0,0,0,0,0,0,0,0,0,0,0,0,0,0,0,0,0
clifford_simp_not_post_basic,q8_gates500_pt0.2_seeds1001,8,500,0.2,1001,353,140,213,417,31,9,20,13,10,2,0,0,0,0,0,0,0,0,0,0,0,0,0,0,0,0,0,0,0,0,0,0,0,0,0,0,0,0,0,0,0,0,0,0,0,0
clifford_simp_not_post_basic,q8_gates500_pt0.2_seeds1002,8,500,0.2,1002,381,149,232,373,41,21,25,6,6,0,0,0,0,0,0,0,0,0,0,0,0,0,0,0,0,0,0,0,0,0,0,0,0,0,0,0,0,0,0,0,0,0,0,0,0,0
clifford_simp_not_post_basic,q8_gates500_pt0.4_seeds1000,8,500,0.4,1000,313,156,157,285,62,21,14,6,2,0,0,0,0,0,0,0,0,0,0,0,0,0,0,0,0,0,0,0,0,0,0,0,0,0,0,0,0,0,0,0,0,0,0,0,0,0
clifford_simp_not_post_basic,q8_gates500_pt0.4_seeds1001,8,500,0.4,1001,388,176,212,428,47,22,22,12,5,1,1,0,0,0,0,0,0,0,0,0,0,0,0,0,0,0,0,0,0,0,0,0,0,0,0,0,0,0,0,0,0,0,0,0,0,0
clifford_simp_not_post_basic,q8_gates500_pt0.4_seeds1002,8,500,0.4,1002,303,134,169,441,38,18,9,7,10,9,1,0,0,0,0,0,0,0,0,0,0,0,0,0,0,0,0,0,0,0,0,0,0,0,0,0,0,0,0,0,0,0,0,0,0,0
clifford_simp_not_post_basic,q8_gates1000_pt0_seeds1000,8,1000,0,1000,81,33,48,76,16,8,8,0,0,0,0,0,0,0,0,0,0,0,0,0,0,0,0,0,0,0,0,0,0,0,0,0,0,0,0,0,0,0,0,0,0,0,0,0,0,0
clifford_simp_not_post_basic,q8_gates1000_pt0_seeds1001,8,1000,0,1001,80,33,47,70,16,11,5,0,0,0,0,0,0,0,0,0,0,0,0,0,0,0,0,0,0,0,0,0,0,0,0,0,0,0,0,0,0,0,0,0,0,0,0,0,0,0
clifford_simp_not_post_basic,q8_gates1000_pt0_seeds1002,8,1000,0,1002,75,35,40,61,16,15,1,0,0,0,0,0,0,0,0,0,0,0,0,0,0,0,0,0,0,0,0,0,0,0,0,0,0,0,0,0,0,0,0,0,0,0,0,0,0,0
clifford_simp_not_post_basic,q8_gates1000_pt0.04_seeds1000,8,1000,0.04,1000,281,97,184,528,17,2,1,7,16,18,2,0,0,0,0,0,0,0,0,0,0,0,0,0,0,0,0,0,0,0,0,0,0,0,0,0,0,0,0,0,0,0,0,0,0,0
clifford_simp_not_post_basic,q8_gates1000_pt0.04_seeds1001,8,1000,0.04,1001,258,91,167,448,18,1,2,9,23,7,0,0,0,0,0,0,0,0,0,0,0,0,0,0,0,0,0,0,0,0,0,0,0,0,0,0,0,0,0,0,0,0,0,0,0,0
clifford_simp_not_post_basic,q8_gates1000_pt0.04_seeds1002,8,1000,0.04,1002,279,97,182,494,16,1,9,2,16,17,1,0,0,0,0,0,0,0,0,0,0,0,0,0,0,0,0,0,0,0,0,0,0,0,0,0,0,0,0,0,0,0,0,0,0,0
clifford_simp_not_post_basic,q8_gates1000_pt0.08_seeds1000,8,1000,0.08,1000,425,149,276,791,22,1,13,15,3,7,17,8,1,0,0,0,0,0,0,0,0,0,0,0,0,0,0,0,0,0,0,0,0,0,0,0,0,0,0,0,0,0,0,0,0,0
clifford_simp_not_post_basic,q8_gates1000_pt0.08_seeds1001,8,1000,0.08,1001,451,162,289,873,23,8,8,13,7,9,17,10,1,0,0,0,0,0,0,0,0,0,0,0,0,0,0,0,0,0,0,0,0,0,0,0,0,0,0,0,0,0,0,0,0,0
clifford_simp_not_post_basic,q8_gates1000_pt0.08_seeds1002,8,1000,0.08,1002,417,141,276,730,20,8,5,23,7,10,9,6,0,0,0,0,0,0,0,0,0,0,0,0,0,0,0,0,0,0,0,0,0,0,0,0,0,0,0,0,0,0,0,0,0,0
clifford_simp_not_post_basic,q8_gates1000_pt0.12_seeds1000,8,1000,0.12,1000,455,170,285,748,24,6,17,17,17,6,9,3,0,0,0,0,0,0,0,0,0,0,0,0,0,0,0,0,0,0,0,0,0,0,0,0,0,0,0,0,0,0,0,0,0,0
clifford_simp_not_post_basic,q8_gates1000_pt0.12_seeds1001,8,1000,0.12,1001,585,207,378,1277,32,10,8,17,9,5,3,9,19,10,0,0,0,0,0,0,0,0,0,0,0,0,0,0,0,0,0,0,0,0,0,0,0,0,0,0,0,0,0,0,0,0
clifford_simp_not_post_basic,q8_gates1000_pt0.12_seeds1002,8,1000,0.12,1002,549,203,346,912,32,17,17,13,16,14,8,4,2,0,0,0,0,0,0,0,0,0,0,0,0,0,0,0,0,0,0,0,0,0,0,0,0,0,0,0,0,0,0,0,0,0
clifford_simp_not_post_basic,q8_gates1000_pt0.16_seeds1000,8,1000,0.16,1000,574,226,348,915,32,17,23,19,16,13,3,4,2,1,0,0,0,0,0,0,0,0,0,0,0,0,0,0,0,0,0,0,0,0,0,0,0,0,0,0,0,0,0,0,0,0
clifford_simp_not_post_basic,q8_gates1000_pt0.16_seeds1001,8,1000,0.16,1001,610,230,380,858,29,30,23,25,11,10,8,0,0,0,0,0,0,0,0,0,0,0,0,0,0,0,0,0,0,0,0,0,0,0,0,0,0,0,0,0,0,0,0,0,0,0
clifford_simp_not_post_basic,q8_gates1000_pt0.16_seeds1002,8,1000,0.16,1002,584,229,355,823,43,27,20,13,9,18,5,1,1,0,0,0,0,0,0,0,0,0,0,0,0,0,0,0,0,0,0,0,0,0,0,0,0,0,0,0,0,0,0,0,0,0
clifford_simp_not_post_basic,q8_gates1000_pt0.2_seeds1000,8,1000,0.2,1000,625,229,396,806,36,24,20,39,12,2,4,1,0,0,0,0,0,0,0,0,0,0,0,0,0,0,0,0,0,0,0,0,0,0,0,0,0,0,0,0,0,0,0,0,0,0
clifford_simp_not_post_basic,q8_gates1000_pt0.2_seeds1001,8,1000,0.2,1001,643,254,389,773,38,31,37,27,11,3,1,0,0,0,0,0,0,0,0,0,0,0,0,0,0,0,0,0,0,0,0,0,0,0,0,0,0,0,0,0,0,0,0,0,0,0
clifford_simp_not_post_basic,q8_gates1000_pt0.2_seeds1002,8,1000,0.2,1002,606,224,382,929,35,24,23,13,14,12,9,1,3,1,0,0,0,0,0,0,0,0,0,0,0,0,0,0,0,0,0,0,0,0,0,0,0,0,0,0,0,0,0,0,0,0
clifford_simp_not_post_basic,q8_gates1000_pt0.4_seeds1000,8,1000,0.4,1000,641,306,335,574,90,50,36,9,2,0,0,0,0,0,0,0,0,0,0,0,0,0,0,0,0,0,0,0,0,0,0,0,0,0,0,0,0,0,0,0,0,0,0,0,0,0
clifford_simp_not_post_basic,q8_gates1000_pt0.4_seeds1001,8,1000,0.4,1001,652,270,382,910,56,26,26,19,19,8,3,2,0,2,0,0,0,0,0,0,0,0,0,0,0,0,0,0,0,0,0,0,0,0,0,0,0,0,0,0,0,0,0,0,0,0
clifford_simp_not_post_basic,q8_gates1000_pt0.4_seeds1002,8,1000,0.4,1002,567,249,318,705,56,41,22,10,11,10,2,0,0,0,0,0,0,0,0,0,0,0,0,0,0,0,0,0,0,0,0,0,0,0,0,0,0,0,0,0,0,0,0,0,0,0
clifford_simp_not_post_basic,q8_gates5000_pt0_seeds1000,8,5000,0,1000,72,36,36,62,16,12,4,0,0,0,0,0,0,0,0,0,0,0,0,0,0,0,0,0,0,0,0,0,0,0,0,0,0,0,0,0,0,0,0,0,0,0,0,0,0,0
clifford_simp_not_post_basic,q8_gates5000_pt0_seeds1001,8,5000,0,1001,75,35,40,67,16,13,3,0,0,0,0,0,0,0,0,0,0,0,0,0,0,0,0,0,0,0,0,0,0,0,0,0,0,0,0,0,0,0,0,0,0,0,0,0,0,0
clifford_simp_not_post_basic,q8_gates5000_pt0_seeds1002,8,5000,0,1002,75,36,39,66,17,12,3,0,0,0,0,0,0,0,0,0,0,0,0,0,0,0,0,0,0,0,0,0,0,0,0,0,0,0,0,0,0,0,0,0,0,0,0,0,0,0
clifford_simp_not_post_basic,q8_gates5000_pt0.04_seeds1000,8,5000,0.04,1000,1106,360,746,3578,19,5,6,2,11,24,16,18,21,26,22,11,6,1,0,0,0,3,3,1,0,0,0,0,0,0,0,0,0,0,0,0,0,0,0,0,0,0,0,0,0,0
clifford_simp_not_post_basic,q8_gates5000_pt0.04_seeds1001,8,5000,0.04,1001,1197,387,810,3581,22,1,10,12,8,27,30,36,8,13,17,4,6,3,8,2,1,2,0,0,0,0,0,0,0,0,0,0,0,0,0,0,0,0,0,0,0,0,0,0,0,0
clifford_simp_not_post_basic,q8_gates5000_pt0.04_seeds1002,8,5000,0.04,1002,1164,364,800,3390,19,2,16,9,13,8,31,20,18,12,18,17,6,5,0,0,0,3,0,0,0,0,0,0,0,0,0,0,0,0,0,0,0,0,0,0,0,0,0,0,0,0
clifford_simp_not_post_basic,q8_gates5000_pt0.08_seeds1000,8,5000,0.08,1000,1855,614,1241,6154,32,15,28,28,39,23,18,23,13,10,4,8,15,9,4,14,10,15,8,7,2,1,0,0,0,0,0,0,0,0,0,0,0,0,0,0,0,0,0,0,0,0
clifford_simp_not_post_basic,q8_gates5000_pt0.08_seeds1001,8,5000,0.08,1001,1982,666,1316,4448,36,25,51,46,25,37,38,41,15,18,9,3,1,6,6,0,0,0,0,0,0,0,0,0,0,0,0,0,0,0,0,0,0,0,0,0,0,0,0,0,0,0
clifford_simp_not_post_basic,q8_gates5000_pt0.08_seeds1002,8,5000,0.08,1002,1834,624,1210,3995,36,29,25,50,28,41,39,41,26,13,6,0,0,0,0,0,0,1,0,0,0,0,0,0,0,0,0,0,0,0,0,0,0,0,0,0,0,0,0,0,0,0
clifford_simp_not_post_basic,q8_gates5000_pt0.12_seeds1000,8,5000,0.12,1000,2295,764,1531,4447,47,20,49,76,65,43,36,21,19,16,11,3,0,0,0,0,0,0,0,0,0,0,0,0,0,0,0,0,0,0,0,0,0,0,0,0,0,0,0,0,0,0
clifford_simp_not_post_basic,q8_gates5000_pt0.12_seeds1001,8,5000,0.12,1001,2470,859,1611,5350,60,54,79,77,43,30,13,15,24,13,3,8,27,6,7,2,3,0,0,0,0,0,0,0,0,0,0,0,0,0,0,0,0,0,0,0,0,0,0,0,0,0
clifford_simp_not_post_basic,q8_gates5000_pt0.12_seeds1002,8,5000,0.12,1002,2361,828,1533,4013,60,39,96,79,64,43,18,16,13,13,3,1,0,0,0,0,0,0,0,0,0,0,0,0,0,0,0,0,0,0,0,0,0,0,0,0,0,0,0,0,0,0
clifford_simp_not_post_basic,q8_gates5000_pt0.16_seeds1000,8,5000,0.16,1000,2699,975,1724,3935,87,92,104,88,60,49,23,14,6,2,1,0,0,0,0,0,0,0,0,0,0,0,0,0,0,0,0,0,0,0,0,0,0,0,0,0,0,0,0,0,0,0
clifford_simp_not_post_basic,q8_gates5000_pt0.16_seeds1001,8,5000,0.16,1001,2799,1018,1781,4013,97,85,107,114,61,39,31,9,4,1,2,0,0,0,0,0,0,0,0,0,0,0,0,0,0,0,0,0,0,0,0,0,0,0,0,0,0,0,0,0,0,0
clifford_simp_not_post_basic,q8_gates5000_pt0.16_seeds1002,8,5000,0.16,1002,2721,994,1727,4395,102,96,126,81,27,21,13,13,23,27,8,4,1,0,0,0,0,0,0,0,0,0,0,0,0,0,0,0,0,0,0,0,0,0,0,0,0,0,0,0,0,0
clifford_simp_not_post_basic,q8_gates5000_pt0.2_seeds1000,8,5000,0.2,1000,2948,1072,1876,4683,118,100,99,92,53,33,37,16,14,11,8,2,1,0,2,0,0,0,0,0,0,0,0,0,0,0,0,0,0,0,0,0,0,0,0,0,0,0,0,0,0,0
clifford_simp_not_post_basic,q8_gates5000_pt0.2_seeds1001,8,5000,0.2,1001,3120,1161,1959,4447,113,107,128,111,86,49,17,10,2,4,2,0,0,0,0,0,0,0,0,0,0,0,0,0,0,0,0,0,0,0,0,0,0,0,0,0,0,0,0,0,0,0
clifford_simp_not_post_basic,q8_gates5000_pt0.2_seeds1002,8,5000,0.2,1002,2953,1105,1848,5594,126,101,105,67,49,42,37,10,6,1,8,5,16,17,8,1,3,0,0,0,0,0,0,0,0,0,0,0,0,0,0,0,0,0,0,0,0,0,0,0,0,0
clifford_simp_not_post_basic,q8_gates5000_pt0.4_seeds1000,8,5000,0.4,1000,3077,1359,1718,3132,282,218,124,97,30,6,1,1,0,0,0,0,0,0,0,0,0,0,0,0,0,0,0,0,0,0,0,0,0,0,0,0,0,0,0,0,0,0,0,0,0,0
clifford_simp_not_post_basic,q8_gates5000_pt0.4_seeds1001,8,5000,0.4,1001,3003,1247,1756,3716,207,174,105,87,59,33,15,3,3,2,0,0,0,0,0,0,0,0,0,0,0,0,0,0,0,0,0,0,0,0,0,0,0,0,0,0,0,0,0,0,0,0
clifford_simp_not_post_basic,q8_gates5000_pt0.4_seeds1002,8,5000,0.4,1002,2945,1272,1673,3171,240,188,136,75,46,15,4,0,0,0,0,0,0,0,0,0,0,0,0,0,0,0,0,0,0,0,0,0,0,0,0,0,0,0,0,0,0,0,0,0,0,0
clifford_simp_not_post_basic,q8_gates10000_pt0_seeds1000,8,10000,0,1000,71,33,38,62,17,14,1,0,0,0,0,0,0,0,0,0,0,0,0,0,0,0,0,0,0,0,0,0,0,0,0,0,0,0,0,0,0,0,0,0,0,0,0,0,0,0
clifford_simp_not_post_basic,q8_gates10000_pt0_seeds1001,8,10000,0,1001,79,37,42,64,16,13,3,0,0,0,0,0,0,0,0,0,0,0,0,0,0,0,0,0,0,0,0,0,0,0,0,0,0,0,0,0,0,0,0,0,0,0,0,0,0,0
clifford_simp_not_post_basic,q8_gates10000_pt0_seeds1002,8,10000,0,1002,82,40,42,65,17,11,4,0,0,0,0,0,0,0,0,0,0,0,0,0,0,0,0,0,0,0,0,0,0,0,0,0,0,0,0,0,0,0,0,0,0,0,0,0,0,0
clifford_simp_not_post_basic,q8_gates10000_pt0.04_seeds1000,8,10000,0.04,1000,2308,738,1570,8092,24,11,12,16,29,42,29,35,24,26,31,32,16,11,9,12,4,5,7,4,3,4,1,1,0,0,0,0,0,0,0,0,0,0,0,0,0,0,0,0,0,0
clifford_simp_not_post_basic,q8_gates10000_pt0.04_seeds1001,8,10000,0.04,1001,2395,754,1641,7882,24,12,12,29,15,33,39,39,23,36,41,25,25,17,10,9,2,0,3,0,0,2,1,0,0,0,0,0,0,0,0,0,0,0,0,0,0,0,0,0,0,0
clifford_simp_not_post_basic,q8_gates10000_pt0.04_seeds1002,8,10000,0.04,1002,2345,743,1602,9738,23,5,19,15,22,26,37,28,23,22,17,21,16,9,11,9,12,8,11,16,19,8,6,0,0,0,0,1,4,0,0,0,0,0,0,0,0,0,0,0,0,0
clifford_simp_not_post_basic,q8_gates10000_pt0.08_seeds1000,8,10000,0.08,1000,3761,1245,2516,10422,57,50,67,82,63,49,67,42,32,23,9,12,22,8,3,16,9,18,12,8,4,2,0,0,0,0,0,0,0,0,0,0,0,0,0,0,0,0,0,0,0,0
clifford_simp_not_post_basic,q8_gates10000_pt0.08_seeds1001,8,10000,0.08,1001,3816,1291,2525,9328,57,45,68,65,86,67,83,45,37,31,35,28,8,10,6,1,2,0,0,0,0,0,0,0,0,0,0,0,0,0,0,0,0,0,0,0,0,0,0,0,0,0
clifford_simp_not_post_basic,q8_gates10000_pt0.08_seeds1002,8,10000,0.08,1002,3923,1320,2603,9134,60,57,78,104,65,67,49,46,51,40,22,30,11,7,6,0,0,0,0,1,0,0,0,0,0,0,0,0,0,0,0,0,0,0,0,0,0,0,0,0,0,0
clifford_simp_not_post_basic,q8_gates10000_pt0.12_seeds1000,8,10000,0.12,1000,4743,1622,3121,8374,93,100,131,129,138,92,69,43,24,21,12,2,0,1,0,0,0,0,0,0,0,0,0,0,0,0,0,0,0,0,0,0,0,0,0,0,0,0,0,0,0,0
clifford_simp_not_post_basic,q8_gates10000_pt0.12_seeds1001,8,10000,0.12,1001,5011,1737,3274,9642,113,107,129,167,104,69,56,53,52,25,17,12,8,7,1,0,0,0,0,0,0,0,0,0,0,0,0,0,0,0,0,0,0,0,0,0,0,0,0,0,0,0
clifford_simp_not_post_basic,q8_gates10000_pt0.12_seeds1002,8,10000,0.12,1002,4903,1696,3207,8236,97,111,154,153,124,127,59,26,13,18,8,2,0,0,0,0,0,0,0,0,0,0,0,0,0,0,0,0,0,0,0,0,0,0,0,0,0,0,0,0,0,0
clifford_simp_not_post_basic,q8_gates10000_pt0.16_seeds1000,8,10000,0.16,1000,5461,1967,3494,7766,158,190,241,152,115,81,73,24,8,2,0,0,0,0,0,0,0,0,0,0,0,0,0,0,0,0,0,0,0,0,0,0,0,0,0,0,0,0,0,0,0,0
clifford_simp_not_post_basic,q8_gates10000_pt0.16_seeds1001,8,10000,0.16,1001,5649,2080,3569,8132,181,193,224,216,112,88,68,20,6,2,0,0,0,0,0,0,0,0,0,0,0,0,0,0,0,0,0,0,0,0,0,0,0,0,0,0,0,0,0,0,0,0
clifford_simp_not_post_basic,q8_gates10000_pt0.16_seeds1002,8,10000,0.16,1002,5531,2032,3499,8384,189,190,217,179,133,70,18,26,25,23,9,3,3,0,0,0,0,0,0,0,0,0,0,0,0,0,0,0,0,0,0,0,0,0,0,0,0,0,0,0,0,0
clifford_simp_not_post_basic,q8_gates10000_pt0.2_seeds1000,8,10000,0.2,1000,5786,2164,3622,7888,220,249,278,184,88,55,38,14,10,11,5,5,3,1,2,0,0,0,0,0,0,0,0,0,0,0,0,0,0,0,0,0,0,0,0,0,0,0,0,0,0,0
clifford_simp_not_post_basic,q8_gates10000_pt0.2_seeds1001,8,10000,0.2,1001,6092,2316,3776,8239,220,271,265,197,138,74,43,22,6,0,0,0,1,0,0,0,0,0,0,0,0,0,0,0,0,0,0,0,0,0,0,0,0,0,0,0,0,0,0,0,0,0
clifford_simp_not_post_basic,q8_gates10000_pt0.2_seeds1002,8,10000,0.2,1002,6134,2280,3854,9333,232,245,245,197,120,56,42,25,11,9,11,19,14,2,1,0,0,0,0,0,0,0,0,0,0,0,0,0,0,0,0,0,0,0,0,0,0,0,0,0,0,0
clifford_simp_not_post_basic,q8_gates10000_pt0.4_seeds1000,8,10000,0.4,1000,6082,2661,3421,6417,508,422,261,185,67,16,10,2,1,0,0,0,0,0,0,0,0,0,0,0,0,0,0,0,0,0,0,0,0,0,0,0,0,0,0,0,0,0,0,0,0,0
clifford_simp_not_post_basic,q8_gates10000_pt0.4_seeds1001,8,10000,0.4,1001,5979,2554,3425,6841,440,374,282,133,98,42,14,7,6,1,0,0,0,0,0,0,0,0,0,0,0,0,0,0,0,0,0,0,0,0,0,0,0,0,0,0,0,0,0,0,0,0
clifford_simp_not_post_basic,q8_gates10000_pt0.4_seeds1002,8,10000,0.4,1002,5946,2544,3402,6669,454,371,249,169,102,42,11,1,0,0,0,0,0,0,0,0,0,0,0,0,0,0,0,0,0,0,0,0,0,0,0,0,0,0,0,0,0,0,0,0,0,0
clifford_simp_not_post_basic,q12_gates500_pt0_seeds1000,12,500,0,1000,148,52,96,142,24,3,19,2,0,0,0,0,0,0,0,0,0,0,0,0,0,0,0,0,0,0,0,0,0,0,0,0,0,0,0,0,0,0,0,0,0,0,0,0,0,0
clifford_simp_not_post_basic,q12_gates500_pt0_seeds1001,12,500,0,1001,156,56,100,151,24,4,15,5,0,0,0,0,0,0,0,0,0,0,0,0,0,0,0,0,0,0,0,0,0,0,0,0,0,0,0,0,0,0,0,0,0,0,0,0,0,0
clifford_simp_not_post_basic,q12_gates500_pt0_seeds1002,12,500,0,1002,137,54,83,131,24,6,16,2,0,0,0,0,0,0,0,0,0,0,0,0,0,0,0,0,0,0,0,0,0,0,0,0,0,0,0,0,0,0,0,0,0,0,0,0,0,0
clifford_simp_not_post_basic,q12_gates500_pt0.04_seeds1000,12,500,0.04,1000,275,83,192,334,26,0,3,22,11,1,0,0,0,0,0,0,0,0,0,0,0,0,0,0,0,0,0,0,0,0,0,0,0,0,0,0,0,0,0,0,0,0,0,0,0,0
clifford_simp_not_post_basic,q12_gates500_pt0.04_seeds1001,12,500,0.04,1001,244,83,161,295,27,0,4,25,5,0,0,0,0,0,0,0,0,0,0,0,0,0,0,0,0,0,0,0,0,0,0,0,0,0,0,0,0,0,0,0,0,0,0,0,0,0
clifford_simp_not_post_basic,q12_gates500_pt0.04_seeds1002,12,500,0.04,1002,305,94,211,455,26,0,0,11,19,11,0,0,0,0,0,0,0,0,0,0,0,0,0,0,0,0,0,0,0,0,0,0,0,0,0,0,0,0,0,0,0,0,0,0,0,0
clifford_simp_not_post_basic,q12_gates500_pt0.08_seeds1000,12,500,0.08,1000,354,102,252,565,26,0,0,7,17,19,4,0,0,0,0,0,0,0,0,0,0,0,0,0,0,0,0,0,0,0,0,0,0,0,0,0,0,0,0,0,0,0,0,0,0,0
clifford_simp_not_post_basic,q12_gates500_pt0.08_seeds1001,12,500,0.08,1001,360,104,256,548,28,0,0,6,27,13,1,0,0,0,0,0,0,0,0,0,0,0,0,0,0,0,0,0,0,0,0,0,0,0,0,0,0,0,0,0,0,0,0,0,0,0
clifford_simp_not_post_basic,q12_gates500_pt0.08_seeds1002,12,500,0.08,1002,350,108,242,505,29,1,5,8,19,10,4,0,0,0,0,0,0,0,0,0,0,0,0,0,0,0,0,0,0,0,0,0,0,0,0,0,0,0,0,0,0,0,0,0,0,0
clifford_simp_not_post_basic,q12_gates500_pt0.12_seeds1000,12,500,0.12,1000,402,122,280,681,26,6,2,3,9,17,15,3,0,0,0,0,0,0,0,0,0,0,0,0,0,0,0,0,0,0,0,0,0,0,0,0,0,0,0,0,0,0,0,0,0,0
clifford_simp_not_post_basic,q12_gates500_pt0.12_seeds1001,12,500,0.12,1001,414,130,284,660,33,0,2,6,19,18,8,0,0,0,0,0,0,0,0,0,0,0,0,0,0,0,0,0,0,0,0,0,0,0,0,0,0,0,0,0,0,0,0,0,0,0
clifford_simp_not_post_basic,q12_gates500_pt0.12_seeds1002,12,500,0.12,1002,414,132,282,577,37,12,4,8,12,15,6,0,0,0,0,0,0,0,0,0,0,0,0,0,0,0,0,0,0,0,0,0,0,0,0,0,0,0,0,0,0,0,0,0,0,0
clifford_simp_not_post_basic,q12_gates500_pt0.16_seeds1000,12,500,0.16,1000,416,135,281,586,38,5,7,11,9,20,3,0,0,0,0,0,0,0,0,0,0,0,0,0,0,0,0,0,0,0,0,0,0,0,0,0,0,0,0,0,0,0,0,0,0,0
clifford_simp_not_post_basic,q12_gates500_pt0.16_seeds1001,12,500,0.16,1001,442,149,293,645,40,13,1,13,6,20,7,0,0,0,0,0,0,0,0,0,0,0,0,0,0,0,0,0,0,0,0,0,0,0,0,0,0,0,0,0,0,0,0,0,0,0
clifford_simp_not_post_basic,q12_gates500_pt0.16_seeds1002,12,500,0.16,1002,414,136,278,542,46,7,8,5,16,14,2,0,0,0,0,0,0,0,0,0,0,0,0,0,0,0,0,0,0,0,0,0,0,0,0,0,0,0,0,0,0,0,0,0,0,0
clifford_simp_not_post_basic,q12_gates500_pt0.2_seeds1000,12,500,0.2,1000,431,141,290,584,44,5,8,8,13,16,4,0,0,0,0,0,0,0,0,0,0,0,0,0,0,0,0,0,0,0,0,0,0,0,0,0,0,0,0,0,0,0,0,0,0,0
clifford_simp_not_post_basic,q12_gates500_pt0.2_seeds1001,12,500,0.2,1001,474,152,322,651,34,9,9,17,18,7,6,1,0,0,0,0,0,0,0,0,0,0,0,0,0,0,0,0,0,0,0,0,0,0,0,0,0,0,0,0,0,0,0,0,0,0
clifford_simp_not_post_basic,q12_gates500_pt0.2_seeds1002,12,500,0.2,1002,442,170,272,484,57,21,11,6,14,7,0,0,0,0,0,0,0,0,0,0,0,0,0,0,0,0,0,0,0,0,0,0,0,0,0,0,0,0,0,0,0,0,0,0,0,0
clifford_simp_not_post_basic,q12_gates500_pt0.4_seeds1000,12,500,0.4,1000,344,155,189,335,52,32,18,8,2,0,0,0,0,0,0,0,0,0,0,0,0,0,0,0,0,0,0,0,0,0,0,0,0,0,0,0,0,0,0,0,0,0,0,0,0,0
clifford_simp_not_post_basic,q12_gates500_pt0.4_seeds1001,12,500,0.4,1001,435,163,272,577,40,26,12,12,8,7,4,2,1,0,0,0,0,0,0,0,0,0,0,0,0,0,0,0,0,0,0,0,0,0,0,0,0,0,0,0,0,0,0,0,0,0
clifford_simp_not_post_basic,q12_gates500_pt0.4_seeds1002,12,500,0.4,1002,415,159,256,561,52,19,12,7,12,9,4,1,0,0,0,0,0,0,0,0,0,0,0,0,0,0,0,0,0,0,0,0,0,0,0,0,0,0,0,0,0,0,0,0,0,0
clifford_simp_not_post_basic,q12_gates1000_pt0_seeds1000,12,1000,0,1000,157,53,104,147,24,1,20,3,0,0,0,0,0,0,0,0,0,0,0,0,0,0,0,0,0,0,0,0,0,0,0,0,0,0,0,0,0,0,0,0,0,0,0,0,0,0
clifford_simp_not_post_basic,q12_gates1000_pt0_seeds1001,12,1000,0,1001,153,55,98,154,24,2,17,5,0,0,0,0,0,0,0,0,0,0,0,0,0,0,0,0,0,0,0,0,0,0,0,0,0,0,0,0,0,0,0,0,0,0,0,0,0,0
clifford_simp_not_post_basic,q12_gates1000_pt0_seeds1002,12,1000,0,1002,151,52,99,140,24,4,18,2,0,0,0,0,0,0,0,0,0,0,0,0,0,0,0,0,0,0,0,0,0,0,0,0,0,0,0,0,0,0,0,0,0,0,0,0,0,0
clifford_simp_not_post_basic,q12_gates1000_pt0.04_seeds1000,12,1000,0.04,1000,429,119,310,792,25,0,1,0,6,27,20,2,0,0,0,0,0,0,0,0,0,0,0,0,0,0,0,0,0,0,0,0,0,0,0,0,0,0,0,0,0,0,0,0,0,0
clifford_simp_not_post_basic,q12_gates1000_pt0.04_seeds1001,12,1000,0.04,1001,343,101,242,560,25,0,1,9,20,15,4,0,0,0,0,0,0,0,0,0,0,0,0,0,0,0,0,0,0,0,0,0,0,0,0,0,0,0,0,0,0,0,0,0,0,0
clifford_simp_not_post_basic,q12_gates1000_pt0.04_seeds1002,12,1000,0.04,1002,451,124,327,811,25,0,1,5,8,20,20,4,0,0,0,0,0,0,0,0,0,0,0,0,0,0,0,0,0,0,0,0,0,0,0,0,0,0,0,0,0,0,0,0,0,0
clifford_simp_not_post_basic,q12_gates1000_pt0.08_seeds1000,12,1000,0.08,1000,605,167,438,1341,28,0,1,2,2,5,16,21,25,2,0,0,0,0,0,0,0,0,0,0,0,0,0,0,0,0,0,0,0,0,0,0,0,0,0,0,0,0,0,0,0,0
clifford_simp_not_post_basic,q12_gates1000_pt0.08_seeds1001,12,1000,0.08,1001,594,168,426,1136,34,7,3,0,2,14,25,17,6,1,0,0,0,0,0,0,0,0,0,0,0,0,0,0,0,0,0,0,0,0,0,0,0,0,0,0,0,0,0,0,0,0
clifford_simp_not_post_basic,q12_gates1000_pt0.08_seeds1002,12,1000,0.08,1002,613,167,446,1291,27,1,4,3,2,8,14,20,19,5,0,0,0,0,0,0,0,0,0,0,0,0,0,0,0,0,0,0,0,0,0,0,0,0,0,0,0,0,0,0,0,0
clifford_simp_not_post_basic,q12_gates1000_pt0.12_seeds1000,12,1000,0.12,1000,721,197,524,1533,31,6,2,2,6,8,9,19,26,10,1,0,0,0,0,0,0,0,0,0,0,0,0,0,0,0,0,0,0,0,0,0,0,0,0,0,0,0,0,0,0,0
clifford_simp_not_post_basic,q12_gates1000_pt0.12_seeds1001,12,1000,0.12,1001,731,207,524,1836,36,3,4,8,6,4,1,7,24,27,9,3,0,0,0,0,0,0,0,0,0,0,0,0,0,0,0,0,0,0,0,0,0,0,0,0,0,0,0,0,0,0
clifford_simp_not_post_basic,q12_gates1000_pt0.12_seeds1002,12,1000,0.12,1002,731,204,527,1501,32,13,5,8,3,11,11,17,13,13,4,0,0,0,0,0,0,0,0,0,0,0,0,0,0,0,0,0,0,0,0,0,0,0,0,0,0,0,0,0,0,0
clifford_simp_not_post_basic,q12_gates1000_pt0.16_seeds1000,12,1000,0.16,1000,877,241,636,1938,40,2,3,9,6,8,9,23,17,17,9,2,1,0,0,0,0,0,0,0,0,0,0,0,0,0,0,0,0,0,0,0,0,0,0,0,0,0,0,0,0,0
clifford_simp_not_post_basic,q12_gates1000_pt0.16_seeds1001,12,1000,0.16,1001,837,266,571,1307,49,17,6,16,25,23,15,6,1,0,2,1,0,0,0,0,0,0,0,0,0,0,0,0,0,0,0,0,0,0,0,0,0,0,0,0,0,0,0,0,0,0
clifford_simp_not_post_basic,q12_gates1000_pt0.16_seeds1002,12,1000,0.16,1002,749,231,518,1167,49,9,11,9,20,24,12,4,6,1,0,0,0,0,0,0,0,0,0,0,0,0,0,0,0,0,0,0,0,0,0,0,0,0,0,0,0,0,0,0,0,0
clifford_simp_not_post_basic,q12_gates1000_pt0.2_seeds1000,12,1000,0.2,1000,858,259,599,1220,52,16,12,20,23,25,15,2,1,0,0,0,0,0,0,0,0,0,0,0,0,0,0,0,0,0,0,0,0,0,0,0,0,0,0,0,0,0,0,0,0,0
clifford_simp_not_post_basic,q12_gates1000_pt0.2_seeds1001,12,1000,0.2,1001,879,261,618,1334,45,10,9,18,36,27,10,3,3,0,1,0,0,0,0,0,0,0,0,0,0,0,0,0,0,0,0,0,0,0,0,0,0,0,0,0,0,0,0,0,0,0
clifford_simp_not_post_basic,q12_gates1000_pt0.2_seeds1002,12,1000,0.2,1002,851,276,575,1770,64,14,17,10,5,4,4,7,3,10,25,7,0,1,0,0,0,0,0,0,0,0,0,0,0,0,0,0,0,0,0,0,0,0,0,0,0,0,0,0,0,0
clifford_simp_not_post_basic,q12_gates1000_pt0.4_seeds1000,12,1000,0.4,1000,747,271,476,893,61,32,28,23,10,8,5,4,0,0,0,0,0,0,0,0,0,0,0,0,0,0,0,0,0,0,0,0,0,0,0,0,0,0,0,0,0,0,0,0,0,0
clifford_simp_not_post_basic,q12_gates1000_pt0.4_seeds1001,12,1000,0.4,1001,720,303,417,779,81,51,22,20,9,4,2,0,2,0,0,0,0,0,0,0,0,0,0,0,0,0,0,0,0,0,0,0,0,0,0,0,0,0,0,0,0,0,0,0,0,0
clifford_simp_not_post_basic,q12_gates1000_pt0.4_seeds1002,12,1000,0.4,1002,754,270,484,892,66,34,22,19,21,5,3,4,0,1,0,0,0,0,0,0,0,0,0,0,0,0,0,0,0,0,0,0,0,0,0,0,0,0,0,0,0,0,0,0,0,0
clifford_simp_not_post_basic,q12_gates5000_pt0_seeds1000,12,5000,0,1000,148,53,95,139,24,3,19,2,0,0,0,0,0,0,0,0,0,0,0,0,0,0,0,0,0,0,0,0,0,0,0,0,0,0,0,0,0,0,0,0,0,0,0,0,0,0
clifford_simp_not_post_basic,q12_gates5000_pt0_seeds1001,12,5000,0,1001,160,53,107,168,24,1,15,8,0,0,0,0,0,0,0,0,0,0,0,0,0,0,0,0,0,0,0,0,0,0,0,0,0,0,0,0,0,0,0,0,0,0,0,0,0,0
clifford_simp_not_post_basic,q12_gates5000_pt0_seeds1002,12,5000,0,1002,150,52,98,149,24,0,20,4,0,0,0,0,0,0,0,0,0,0,0,0,0,0,0,0,0,0,0,0,0,0,0,0,0,0,0,0,0,0,0,0,0,0,0,0,0,0
clifford_simp_not_post_basic,q12_gates5000_pt0.04_seeds1000,12,5000,0.04,1000,1776,434,1342,8616,29,1,0,4,2,5,5,7,9,6,6,7,6,9,6,3,4,5,11,16,34,28,23,7,3,0,0,0,0,0,0,0,0,0,0,0,0,0,0,0,0,0
clifford_simp_not_post_basic,q12_gates5000_pt0.04_seeds1001,12,5000,0.04,1001,1688,406,1282,8227,28,4,2,3,2,1,3,0,2,3,2,9,10,7,4,3,2,15,36,43,30,15,1,0,0,0,0,0,0,0,0,0,0,0,0,0,0,0,0,0,0,0
clifford_simp_not_post_basic,q12_gates5000_pt0.04_seeds1002,12,5000,0.04,1002,1639,385,1254,7578,27,0,0,3,6,5,2,1,0,1,3,10,6,7,7,10,19,29,26,24,20,7,2,0,0,0,0,0,0,0,0,0,0,0,0,0,0,0,0,0,0,0
clifford_simp_not_post_basic,q12_gates5000_pt0.08_seeds1000,12,5000,0.08,1000,2846,719,2127,7050,46,3,7,16,19,37,31,50,50,58,17,9,7,8,18,3,8,0,0,0,0,0,0,0,0,0,0,0,0,0,0,0,0,0,0,0,0,0,0,0,0,0
clifford_simp_not_post_basic,q12_gates5000_pt0.08_seeds1001,12,5000,0.08,1001,2646,654,1992,8820,41,5,5,4,7,24,40,31,14,8,25,18,14,7,17,26,29,24,3,0,3,0,1,5,2,3,0,0,0,0,0,0,0,0,0,0,0,0,0,0,0,0
clifford_simp_not_post_basic,q12_gates5000_pt0.08_seeds1002,12,5000,0.08,1002,2624,642,1982,12955,33,4,8,8,5,4,7,5,14,17,11,4,1,5,17,31,22,25,14,1,3,11,10,27,24,8,1,1,2,3,14,2,2,0,0,0,0,0,0,0,0,0
clifford_simp_not_post_basic,q12_gates5000_pt0.12_seeds1000,12,5000,0.12,1000,3516,928,2588,7167,71,41,35,48,29,40,42,38,53,39,23,16,7,7,9,2,1,2,0,1,0,0,0,0,0,0,0,0,0,0,0,0,0,0,0,0,0,0,0,0,0,0
clifford_simp_not_post_basic,q12_gates5000_pt0.12_seeds1001,12,5000,0.12,1001,3461,907,2554,7384,54,22,35,34,44,52,39,50,55,47,22,5,9,6,4,8,3,0,0,0,0,0,0,0,0,0,0,0,0,0,0,0,0,0,0,0,0,0,0,0,0,0
clifford_simp_not_post_basic,q12_gates5000_pt0.12_seeds1002,12,5000,0.12,1002,3430,901,2529,6878,59,35,12,33,67,76,49,34,37,29,27,10,6,9,6,1,0,0,0,0,0,0,0,0,0,0,0,0,0,0,0,0,0,0,0,0,0,0,0,0,0,0
clifford_simp_not_post_basic,q12_gates5000_pt0.16_seeds1000,12,5000,0.16,1000,3939,1085,2854,7409,94,54,48,35,49,79,59,59,31,33,33,16,2,2,0,0,1,0,0,0,0,0,0,0,0,0,0,0,0,0,0,0,0,0,0,0,0,0,0,0,0,0
clifford_simp_not_post_basic,q12_gates5000_pt0.16_seeds1001,12,5000,0.16,1001,3748,1065,2683,6603,100,64,44,59,51,76,45,48,37,32,17,8,2,1,1,0,0,0,0,0,0,0,0,0,0,0,0,0,0,0,0,0,0,0,0,0,0,0,0,0,0,0
clifford_simp_not_post_basic,q12_gates5000_pt0.16_seeds1002,12,5000,0.16,1002,3778,1084,2694,6258,103,61,55,62,81,72,54,48,16,16,8,13,6,0,0,0,0,0,0,0,0,0,0,0,0,0,0,0,0,0,0,0,0,0,0,0,0,0,0,0,0,0
clifford_simp_not_post_basic,q12_gates5000_pt0.2_seeds1000,12,5000,0.2,1000,3923,1238,2685,5139,154,119,104,90,71,74,46,21,9,1,2,0,0,0,0,0,0,0,0,0,0,0,0,0,0,0,0,0,0,0,0,0,0,0,0,0,0,0,0,0,0,0
clifford_simp_not_post_basic,q12_gates5000_pt0.2_seeds1001,12,5000,0.2,1001,3951,1143,2808,6211,110,64,78,72,81,67,46,51,29,13,10,2,3,0,0,0,0,0,0,0,0,0,0,0,0,0,0,0,0,0,0,0,0,0,0,0,0,0,0,0,0,0
clifford_simp_not_post_basic,q12_gates5000_pt0.2_seeds1002,12,5000,0.2,1002,3944,1162,2782,6591,126,73,69,85,78,55,35,35,16,15,23,25,2,1,0,0,0,3,1,0,0,0,0,0,0,0,0,0,0,0,0,0,0,0,0,0,0,0,0,0,0,0
clifford_simp_not_post_basic,q12_gates5000_pt0.4_seeds1000,12,5000,0.4,1000,3518,1316,2202,4339,228,199,92,67,54,49,32,15,6,3,1,0,0,0,0,0,0,0,0,0,0,0,0,0,0,0,0,0,0,0,0,0,0,0,0,0,0,0,0,0,0,0
clifford_simp_not_post_basic,q12_gates5000_pt0.4_seeds1001,12,5000,0.4,1001,3536,1316,2220,4479,223,157,108,84,61,41,25,20,6,6,0,0,1,0,0,0,0,0,0,0,0,0,0,0,0,0,0,0,0,0,0,0,0,0,0,0,0,0,0,0,0,0
clifford_simp_not_post_basic,q12_gates5000_pt0.4_seeds1002,12,5000,0.4,1002,3652,1341,2311,4021,240,196,99,109,65,33,13,3,6,0,0,0,0,0,0,0,0,0,0,0,0,0,0,0,0,0,0,0,0,0,0,0,0,0,0,0,0,0,0,0,0,0
clifford_simp_not_post_basic,q12_gates10000_pt0_seeds1000,12,10000,0,1000,139,52,87,135,24,4,17,3,0,0,0,0,0,0,0,0,0,0,0,0,0,0,0,0,0,0,0,0,0,0,0,0,0,0,0,0,0,0,0,0,0,0,0,0,0,0
clifford_simp_not_post_basic,q12_gates10000_pt0_seeds1001,12,10000,0,1001,159,55,104,161,24,2,17,5,0,0,0,0,0,0,0,0,0,0,0,0,0,0,0,0,0,0,0,0,0,0,0,0,0,0,0,0,0,0,0,0,0,0,0,0,0,0
clifford_simp_not_post_basic,q12_gates10000_pt0_seeds1002,12,10000,0,1002,150,51,99,154,24,3,14,7,0,0,0,0,0,0,0,0,0,0,0,0,0,0,0,0,0,0,0,0,0,0,0,0,0,0,0,0,0,0,0,0,0,0,0,0,0,0
clifford_simp_not_post_basic,q12_gates10000_pt0.04_seeds1000,12,10000,0.04,1000,3313,753,2560,25347,30,0,0,3,4,4,1,6,6,5,4,7,5,7,8,6,2,1,1,3,6,5,16,19,14,6,6,17,22,21,24,30,20,2,1,3,10,15,17,18,12,15
clifford_simp_not_post_basic,q12_gates10000_pt0.04_seeds1001,12,10000,0.04,1001,3316,758,2558,24862,32,2,0,3,3,3,4,4,4,4,3,9,9,3,3,0,4,3,18,20,16,9,1,1,6,2,6,5,14,31,24,33,20,11,10,14,21,14,20,11,3,0
clifford_simp_not_post_basic,q12_gates10000_pt0.04_seeds1002,12,10000,0.04,1002,3137,720,2417,18873,29,0,0,3,4,0,4,3,2,1,4,10,19,8,7,12,13,22,19,13,10,30,23,20,20,20,16,8,2,3,7,8,11,13,10,7,0,0,0,0,0,0
clifford_simp_not_post_basic,q12_gates10000_pt0.08_seeds1000,12,10000,0.08,1000,5345,1303,4042,18943,53,11,10,15,22,28,42,45,69,75,39,29,22,23,31,19,22,16,7,4,14,34,19,12,3,4,1,1,6,2,1,0,4,2,1,0,0,0,0,0,0,0
clifford_simp_not_post_basic,q12_gates10000_pt0.08_seeds1001,12,10000,0.08,1001,5327,1301,4026,20863,54,15,10,21,33,42,46,47,27,23,33,31,32,21,19,31,26,15,10,11,14,12,8,9,14,29,9,8,10,3,2,2,3,3,5,4,2,0,0,0,0,0
clifford_simp_not_post_basic,q12_gates10000_pt0.08_seeds1002,12,10000,0.08,1002,5194,1270,3924,24861,44,9,9,13,31,30,17,19,31,26,32,14,9,8,13,32,25,15,21,21,28,29,35,48,36,11,14,1,3,3,0,2,4,11,9,7,0,0,0,0,0,0
clifford_simp_not_post_basic,q12_gates10000_pt0.12_seeds1000,12,10000,0.12,1000,6700,1729,4971,15992,93,52,46,74,73,87,64,64,62,54,44,51,40,17,27,19,19,18,7,2,0,0,0,0,0,0,0,0,0,0,0,0,0,0,0,0,0,0,0,0,0,0
clifford_simp_not_post_basic,q12_gates10000_pt0.12_seeds1001,12,10000,0.12,1001,6755,1751,5004,15445,89,42,36,57,81,92,87,89,100,75,54,42,33,18,10,12,5,3,2,0,0,0,0,0,0,0,0,0,0,0,0,0,0,0,0,0,0,0,0,0,0,0
clifford_simp_not_post_basic,q12_gates10000_pt0.12_seeds1002,12,10000,0.12,1002,6732,1744,4988,15230,95,54,38,49,73,93,94,107,84,67,32,36,32,34,20,9,5,2,2,0,0,0,0,0,0,0,0,0,0,0,0,0,0,0,0,0,0,0,0,0,0,0
clifford_simp_not_post_basic,q12_gates10000_pt0.16_seeds1000,12,10000,0.16,1000,7686,2101,5585,16035,145,89,83,96,96,116,95,98,57,55,55,47,41,26,8,4,2,2,1,3,2,0,0,0,0,0,0,0,0,0,0,0,0,0,0,0,0,0,0,0,0,0
clifford_simp_not_post_basic,q12_gates10000_pt0.16_seeds1001,12,10000,0.16,1001,7377,2079,5298,14402,157,96,96,113,100,97,81,92,92,64,55,28,17,6,7,7,1,0,0,0,0,0,0,0,0,0,0,0,0,0,0,0,0,0,0,0,0,0,0,0,0,0
clifford_simp_not_post_basic,q12_gates10000_pt0.16_seeds1002,12,10000,0.16,1002,7438,2054,5384,13058,146,107,93,112,147,138,78,85,64,57,29,21,13,3,5,1,0,0,0,0,0,0,0,0,0,0,0,0,0,0,0,0,0,0,0,0,0,0,0,0,0,0
clifford_simp_not_post_basic,q12_gates10000_pt0.2_seeds1000,12,10000,0.2,1000,7875,2372,5503,12061,239,150,145,183,161,131,87,86,43,36,8,6,0,3,1,1,0,0,0,0,0,0,0,0,0,0,0,0,0,0,0,0,0,0,0,0,0,0,0,0,0,0
clifford_simp_not_post_basic,q12_gates10000_pt0.2_seeds1001,12,10000,0.2,1001,7704,2277,5427,11805,217,142,136,171,167,130,96,51,39,32,24,15,1,1,1,0,1,0,0,0,0,0,0,0,0,0,0,0,0,0,0,0,0,0,0,0,0,0,0,0,0,0
clifford_simp_not_post_basic,q12_gates10000_pt0.2_seeds1002,12,10000,0.2,1002,7748,2257,5491,12948,196,154,145,127,136,122,118,74,44,34,36,18,9,1,0,3,2,2,1,0,0,0,0,0,0,0,0,0,0,0,0,0,0,0,0,0,0,0,0,0,0,0
clifford_simp_not_post_basic,q12_gates10000_pt0.4_seeds1000,12,10000,0.4,1000,6921,2631,4290,7740,432,403,249,156,103,61,33,18,6,3,0,0,0,0,0,0,0,0,0,0,0,0,0,0,0,0,0,0,0,0,0,0,0,0,0,0,0,0,0,0,0,0
clifford_simp_not_post_basic,q12_gates10000_pt0.4_seeds1001,12,10000,0.4,1001,7074,2608,4466,8420,416,329,207,178,136,89,44,16,10,2,1,1,0,0,0,0,0,0,0,0,0,0,0,0,0,0,0,0,0,0,0,0,0,0,0,0,0,0,0,0,0,0
clifford_simp_not_post_basic,q12_gates10000_pt0.4_seeds1002,12,10000,0.4,1002,7177,2623,4554,8355,431,342,217,189,117,79,47,19,10,2,2,0,0,0,0,0,0,0,0,0,0,0,0,0,0,0,0,0,0,0,0,0,0,0,0,0,0,0,0,0,0,0
clifford_simp_not_post_basic,q16_gates500_pt0_seeds1000,16,500,0,1000,249,72,177,271,32,0,9,17,6,0,0,0,0,0,0,0,0,0,0,0,0,0,0,0,0,0,0,0,0,0,0,0,0,0,0,0,0,0,0,0,0,0,0,0,0,0
clifford_simp_not_post_basic,q16_gates500_pt0_seeds1001,16,500,0,1001,244,68,176,263,32,0,10,17,5,0,0,0,0,0,0,0,0,0,0,0,0,0,0,0,0,0,0,0,0,0,0,0,0,0,0,0,0,0,0,0,0,0,0,0,0,0
clifford_simp_not_post_basic,q16_gates500_pt0_seeds1002,16,500,0,1002,237,70,167,262,32,0,7,22,3,0,0,0,0,0,0,0,0,0,0,0,0,0,0,0,0,0,0,0,0,0,0,0,0,0,0,0,0,0,0,0,0,0,0,0,0,0
clifford_simp_not_post_basic,q16_gates500_pt0.04_seeds1000,16,500,0.04,1000,345,97,248,405,36,1,1,23,13,4,0,0,0,0,0,0,0,0,0,0,0,0,0,0,0,0,0,0,0,0,0,0,0,0,0,0,0,0,0,0,0,0,0,0,0,0
clifford_simp_not_post_basic,q16_gates500_pt0.04_seeds1001,16,500,0.04,1001,349,94,255,434,34,0,0,16,15,10,0,0,0,0,0,0,0,0,0,0,0,0,0,0,0,0,0,0,0,0,0,0,0,0,0,0,0,0,0,0,0,0,0,0,0,0
clifford_simp_not_post_basic,q16_gates500_pt0.04_seeds1002,16,500,0.04,1002,416,110,306,531,37,1,1,7,22,15,0,0,0,0,0,0,0,0,0,0,0,0,0,0,0,0,0,0,0,0,0,0,0,0,0,0,0,0,0,0,0,0,0,0,0,0
clifford_simp_not_post_basic,q16_gates500_pt0.08_seeds1000,16,500,0.08,1000,448,121,327,615,40,3,0,8,16,20,5,0,0,0,0,0,0,0,0,0,0,0,0,0,0,0,0,0,0,0,0,0,0,0,0,0,0,0,0,0,0,0,0,0,0,0
clifford_simp_not_post_basic,q16_gates500_pt0.08_seeds1001,16,500,0.08,1001,483,122,361,723,38,2,0,4,10,18,18,2,0,0,0,0,0,0,0,0,0,0,0,0,0,0,0,0,0,0,0,0,0,0,0,0,0,0,0,0,0,0,0,0,0,0
clifford_simp_not_post_basic,q16_gates500_pt0.08_seeds1002,16,500,0.08,1002,467,127,340,674,41,3,0,5,16,18,12,0,0,0,0,0,0,0,0,0,0,0,0,0,0,0,0,0,0,0,0,0,0,0,0,0,0,0,0,0,0,0,0,0,0,0
clifford_simp_not_post_basic,q16_gates500_pt0.12_seeds1000,16,500,0.12,1000,483,130,353,672,42,6,0,8,16,18,9,0,0,0,0,0,0,0,0,0,0,0,0,0,0,0,0,0,0,0,0,0,0,0,0,0,0,0,0,0,0,0,0,0,0,0
clifford_simp_not_post_basic,q16_gates500_pt0.12_seeds1001,16,500,0.12,1001,528,130,398,794,40,3,0,7,9,10,22,7,0,0,0,0,0,0,0,0,0,0,0,0,0,0,0,0,0,0,0,0,0,0,0,0,0,0,0,0,0,0,0,0,0,0
clifford_simp_not_post_basic,q16_gates500_pt0.12_seeds1002,16,500,0.12,1002,514,146,368,715,47,5,5,9,19,11,12,1,0,0,0,0,0,0,0,0,0,0,0,0,0,0,0,0,0,0,0,0,0,0,0,0,0,0,0,0,0,0,0,0,0,0
clifford_simp_not_post_basic,q16_gates500_pt0.16_seeds1000,16,500,0.16,1000,487,134,353,732,45,4,2,4,10,19,17,1,0,0,0,0,0,0,0,0,0,0,0,0,0,0,0,0,0,0,0,0,0,0,0,0,0,0,0,0,0,0,0,0,0,0
clifford_simp_not_post_basic,q16_gates500_pt0.16_seeds1001,16,500,0.16,1001,515,162,353,727,46,11,3,5,12,20,12,1,0,0,0,0,0,0,0,0,0,0,0,0,0,0,0,0,0,0,0,0,0,0,0,0,0,0,0,0,0,0,0,0,0,0
clifford_simp_not_post_basic,q16_gates500_pt0.16_seeds1002,16,500,0.16,1002,601,165,436,857,53,11,1,1,4,18,23,7,0,0,0,0,0,0,0,0,0,0,0,0,0,0,0,0,0,0,0,0,0,0,0,0,0,0,0,0,0,0,0,0,0,0
clifford_simp_not_post_basic,q16_gates500_pt0.2_seeds1000,16,500,0.2,1000,482,148,334,635,42,8,15,11,12,10,8,1,0,0,0,0,0,0,0,0,0,0,0,0,0,0,0,0,0,0,0,0,0,0,0,0,0,0,0,0,0,0,0,0,0,0
clifford_simp_not_post_basic,q16_gates500_pt0.2_seeds1001,16,500,0.2,1001,524,157,367,772,50,8,6,5,6,16,15,6,0,0,0,0,0,0,0,0,0,0,0,0,0,0,0,0,0,0,0,0,0,0,0,0,0,0,0,0,0,0,0,0,0,0
clifford_simp_not_post_basic,q16_gates500_pt0.2_seeds1002,16,500,0.2,1002,585,163,422,785,57,9,2,11,7,14,16,5,0,0,0,0,0,0,0,0,0,0,0,0,0,0,0,0,0,0,0,0,0,0,0,0,0,0,0,0,0,0,0,0,0,0
clifford_simp_not_post_basic,q16_gates500_pt0.4_seeds1000,16,500,0.4,1000,492,217,275,425,82,44,17,6,1,4,0,0,0,0,0,0,0,0,0,0,0,0,0,0,0,0,0,0,0,0,0,0,0,0,0,0,0,0,0,0,0,0,0,0,0,0
clifford_simp_not_post_basic,q16_gates500_pt0.4_seeds1001,16,500,0.4,1001,446,176,270,431,69,22,20,14,4,1,0,0,0,0,0,0,0,0,0,0,0,0,0,0,0,0,0,0,0,0,0,0,0,0,0,0,0,0,0,0,0,0,0,0,0,0
clifford_simp_not_post_basic,q16_gates500_pt0.4_seeds1002,16,500,0.4,1002,493,189,304,536,63,27,15,13,10,5,2,0,0,0,0,0,0,0,0,0,0,0,0,0,0,0,0,0,0,0,0,0,0,0,0,0,0,0,0,0,0,0,0,0,0,0
clifford_simp_not_post_basic,q16_gates1000_pt0_seeds1000,16,1000,0,1000,232,70,162,263,32,0,10,17,5,0,0,0,0,0,0,0,0,0,0,0,0,0,0,0,0,0,0,0,0,0,0,0,0,0,0,0,0,0,0,0,0,0,0,0,0,0
clifford_simp_not_post_basic,q16_gates1000_pt0_seeds1001,16,1000,0,1001,246,77,169,254,32,1,6,22,3,0,0,0,0,0,0,0,0,0,0,0,0,0,0,0,0,0,0,0,0,0,0,0,0,0,0,0,0,0,0,0,0,0,0,0,0,0
clifford_simp_not_post_basic,q16_gates1000_pt0_seeds1002,16,1000,0,1002,263,71,192,284,32,0,2,23,7,0,0,0,0,0,0,0,0,0,0,0,0,0,0,0,0,0,0,0,0,0,0,0,0,0,0,0,0,0,0,0,0,0,0,0,0,0
clifford_simp_not_post_basic,q16_gates1000_pt0.04_seeds1000,16,1000,0.04,1000,569,145,424,850,37,3,0,0,9,24,21,4,0,0,0,0,0,0,0,0,0,0,0,0,0,0,0,0,0,0,0,0,0,0,0,0,0,0,0,0,0,0,0,0,0,0
clifford_simp_not_post_basic,q16_gates1000_pt0.04_seeds1001,16,1000,0.04,1001,507,124,383,813,35,0,0,1,5,28,16,6,0,0,0,0,0,0,0,0,0,0,0,0,0,0,0,0,0,0,0,0,0,0,0,0,0,0,0,0,0,0,0,0,0,0
clifford_simp_not_post_basic,q16_gates1000_pt0.04_seeds1002,16,1000,0.04,1002,608,141,467,1029,36,1,0,1,4,13,23,17,5,0,0,0,0,0,0,0,0,0,0,0,0,0,0,0,0,0,0,0,0,0,0,0,0,0,0,0,0,0,0,0,0,0
clifford_simp_not_post_basic,q16_gates1000_pt0.08_seeds1000,16,1000,0.08,1000,759,183,576,1349,38,10,0,1,3,4,25,24,14,3,0,0,0,0,0,0,0,0,0,0,0,0,0,0,0,0,0,0,0,0,0,0,0,0,0,0,0,0,0,0,0,0
clifford_simp_not_post_basic,q16_gates1000_pt0.08_seeds1001,16,1000,0.08,1001,798,196,602,1646,42,2,0,1,1,2,3,27,27,19,0,1,0,0,0,0,0,0,0,0,0,0,0,0,0,0,0,0,0,0,0,0,0,0,0,0,0,0,0,0,0,0
clifford_simp_not_post_basic,q16_gates1000_pt0.08_seeds1002,16,1000,0.08,1002,872,198,674,2016,40,2,0,1,2,2,11,11,7,21,21,13,0,0,0,0,0,0,0,0,0,0,0,0,0,0,0,0,0,0,0,0,0,0,0,0,0,0,0,0,0,0
clifford_simp_not_post_basic,q16_gates1000_pt0.12_seeds1000,16,1000,0.12,1000,861,212,649,1837,43,5,0,0,3,2,5,18,29,19,9,1,0,0,0,0,0,0,0,0,0,0,0,0,0,0,0,0,0,0,0,0,0,0,0,0,0,0,0,0,0,0
clifford_simp_not_post_basic,q16_gates1000_pt0.12_seeds1001,16,1000,0.12,1001,857,212,645,1300,46,7,10,9,9,19,20,11,7,2,2,0,0,0,0,0,0,0,0,0,0,0,0,0,0,0,0,0,0,0,0,0,0,0,0,0,0,0,0,0,0,0
clifford_simp_not_post_basic,q16_gates1000_pt0.12_seeds1002,16,1000,0.12,1002,922,231,691,1590,50,8,3,3,13,9,14,23,17,5,4,0,0,0,0,0,0,0,0,0,0,0,0,0,0,0,0,0,0,0,0,0,0,0,0,0,0,0,0,0,0,0
clifford_simp_not_post_basic,q16_gates1000_pt0.16_seeds1000,16,1000,0.16,1000,908,236,672,1518,53,10,7,8,10,14,8,19,15,10,0,0,0,0,0,0,0,0,0,0,0,0,0,0,0,0,0,0,0,0,0,0,0,0,0,0,0,0,0,0,0,0
clifford_simp_not_post_basic,q16_gates1000_pt0.16_seeds1001,16,1000,0.16,1001,971,277,694,1681,57,18,16,11,7,10,9,9,22,13,2,2,0,0,0,0,0,0,0,0,0,0,0,0,0,0,0,0,0,0,0,0,0,0,0,0,0,0,0,0,0,0
clifford_simp_not_post_basic,q16_gates1000_pt0.16_seeds1002,16,1000,0.16,1002,1010,249,761,2065,54,8,0,2,10,5,9,10,9,21,21,8,1,0,0,0,0,0,0,0,0,0,0,0,0,0,0,0,0,0,0,0,0,0,0,0,0,0,0,0,0,0
clifford_simp_not_post_basic,q16_gates1000_pt0.2_seeds1000,16,1000,0.2,1000,951,263,688,1575,53,6,6,17,17,13,25,10,3,2,4,4,2,0,0,0,0,0,0,0,0,0,0,0,0,0,0,0,0,0,0,0,0,0,0,0,0,0,0,0,0,0
clifford_simp_not_post_basic,q16_gates1000_pt0.2_seeds1001,16,1000,0.2,1001,1028,296,732,1828,67,21,11,10,6,7,7,16,21,14,2,5,1,0,0,0,0,0,0,0,0,0,0,0,0,0,0,0,0,0,0,0,0,0,0,0,0,0,0,0,0,0
clifford_simp_not_post_basic,q16_gates1000_pt0.2_seeds1002,16,1000,0.2,1002,1073,271,802,2282,58,8,7,9,5,11,4,6,6,4,21,24,9,0,0,0,0,0,0,0,0,0,0,0,0,0,0,0,0,0,0,0,0,0,0,0,0,0,0,0,0,0
clifford_simp_not_post_basic,q16_gates1000_pt0.4_seeds1000,16,1000,0.4,1000,877,347,530,840,93,61,32,22,6,4,2,2,0,0,0,0,0,0,0,0,0,0,0,0,0,0,0,0,0,0,0,0,0,0,0,0,0,0,0,0,0,0,0,0,0,0
clifford_simp_not_post_basic,q16_gates1000_pt0.4_seeds1001,16,1000,0.4,1001,864,330,534,956,93,38,31,13,18,8,4,4,0,0,0,0,0,0,0,0,0,0,0,0,0,0,0,0,0,0,0,0,0,0,0,0,0,0,0,0,0,0,0,0,0,0
clifford_simp_not_post_basic,q16_gates1000_pt0.4_seeds1002,16,1000,0.4,1002,882,297,585,989,71,35,18,34,18,4,10,1,0,0,0,0,0,0,0,0,0,0,0,0,0,0,0,0,0,0,0,0,0,0,0,0,0,0,0,0,0,0,0,0,0,0
clifford_simp_not_post_basic,q16_gates5000_pt0_seeds1000,16,5000,0,1000,237,75,162,255,32,0,14,14,4,0,0,0,0,0,0,0,0,0,0,0,0,0,0,0,0,0,0,0,0,0,0,0,0,0,0,0,0,0,0,0,0,0,0,0,0,0
clifford_simp_not_post_basic,q16_gates5000_pt0_seeds1001,16,5000,0,1001,242,71,171,284,32,0,6,19,7,0,0,0,0,0,0,0,0,0,0,0,0,0,0,0,0,0,0,0,0,0,0,0,0,0,0,0,0,0,0,0,0,0,0,0,0,0
clifford_simp_not_post_basic,q16_gates5000_pt0_seeds1002,16,5000,0,1002,241,79,162,252,32,0,10,22,0,0,0,0,0,0,0,0,0,0,0,0,0,0,0,0,0,0,0,0,0,0,0,0,0,0,0,0,0,0,0,0,0,0,0,0,0,0
clifford_simp_not_post_basic,q16_gates5000_pt0.04_seeds1000,16,5000,0.04,1000,2141,409,1732,9214,34,1,0,0,1,1,1,1,1,1,0,0,0,1,1,4,13,14,29,47,48,22,8,1,0,0,0,0,0,0,0,0,0,0,0,0,0,0,0,0,0,0
clifford_simp_not_post_basic,q16_gates5000_pt0.04_seeds1001,16,5000,0.04,1001,2315,444,1871,10679,35,1,0,1,0,0,1,1,2,2,0,1,2,3,1,4,2,2,19,33,46,48,31,15,0,0,0,0,0,0,0,0,0,0,0,0,0,0,0,0,0,0
clifford_simp_not_post_basic,q16_gates5000_pt0.04_seeds1002,16,5000,0.04,1002,2263,424,1839,10374,33,1,0,0,0,1,0,3,5,0,0,0,0,0,0,4,5,3,13,37,42,54,26,12,1,1,0,0,0,0,0,0,0,0,0,0,0,0,0,0,0,0
clifford_simp_not_post_basic,q16_gates5000_pt0.08_seeds1000,16,5000,0.08,1000,3523,703,2820,14038,43,11,0,0,6,11,21,14,17,8,5,10,21,5,7,14,14,15,9,24,16,24,23,9,12,7,9,12,8,7,2,1,0,0,0,0,0,0,0,0,0,0
clifford_simp_not_post_basic,q16_gates5000_pt0.08_seeds1001,16,5000,0.08,1001,3517,701,2816,17983,46,7,1,1,1,4,3,5,1,4,11,11,14,10,11,17,19,13,9,4,5,6,9,16,23,27,24,26,9,4,3,4,6,9,6,8,7,2,0,0,0,0
clifford_simp_not_post_basic,q16_gates5000_pt0.08_seeds1002,16,5000,0.08,1002,3592,715,2877,14606,45,4,0,1,7,5,11,5,7,11,9,8,8,6,6,20,38,40,36,34,26,24,12,0,0,1,1,1,3,1,0,1,5,8,4,0,0,0,0,0,0,0
clifford_simp_not_post_basic,q16_gates5000_pt0.12_seeds1000,16,5000,0.12,1000,4165,891,3274,12705,60,19,9,8,20,11,8,22,26,40,22,15,16,34,36,42,40,19,18,2,1,2,2,4,3,3,0,0,3,0,1,0,0,0,0,0,0,0,0,0,0,0
clifford_simp_not_post_basic,q16_gates5000_pt0.12_seeds1001,16,5000,0.12,1001,4254,906,3348,9558,72,10,11,12,15,36,46,43,42,47,59,28,19,14,6,13,12,7,1,4,0,0,0,0,0,0,0,0,0,0,0,0,0,0,0,0,0,0,0,0,0,0
clifford_simp_not_post_basic,q16_gates5000_pt0.12_seeds1002,16,5000,0.12,1002,4126,873,3253,12733,70,11,4,10,26,22,22,20,24,21,32,40,25,14,7,10,15,4,5,3,9,28,21,16,6,7,5,0,0,0,0,0,0,0,0,0,0,0,0,0,0,0
clifford_simp_not_post_basic,q16_gates5000_pt0.16_seeds1000,16,5000,0.16,1000,4558,1092,3466,8369,103,49,48,33,63,62,39,37,39,30,26,24,21,16,5,2,4,2,0,0,1,1,0,0,0,0,0,0,0,0,0,0,0,0,0,0,0,0,0,0,0,0
clifford_simp_not_post_basic,q16_gates5000_pt0.16_seeds1001,16,5000,0.16,1001,4537,1041,3496,9335,104,30,21,36,27,51,44,35,43,53,30,40,24,15,8,8,4,2,2,1,1,0,0,0,0,0,0,0,0,0,0,0,0,0,0,0,0,0,0,0,0,0
clifford_simp_not_post_basic,q16_gates5000_pt0.16_seeds1002,16,5000,0.16,1002,4586,1028,3558,12945,96,40,16,14,19,22,22,24,22,29,33,22,20,30,26,22,33,26,11,11,10,5,4,2,6,2,0,0,0,0,0,0,0,0,0,0,0,0,0,0,0,0
clifford_simp_not_post_basic,q16_gates5000_pt0.2_seeds1000,16,5000,0.2,1000,4807,1192,3615,7532,124,61,45,41,80,81,84,46,24,23,16,15,3,4,5,3,0,0,0,0,0,0,0,0,0,0,0,0,0,0,0,0,0,0,0,0,0,0,0,0,0,0
clifford_simp_not_post_basic,q16_gates5000_pt0.2_seeds1001,16,5000,0.2,1001,4665,1169,3496,9681,127,62,47,31,33,41,50,47,56,28,20,17,17,15,18,17,13,3,3,1,0,0,0,1,1,1,0,0,0,0,0,0,0,0,0,0,0,0,0,0,0,0
clifford_simp_not_post_basic,q16_gates5000_pt0.2_seeds1002,16,5000,0.2,1002,4944,1182,3762,9025,129,46,34,56,35,55,51,47,50,39,34,31,30,7,2,5,2,0,0,0,0,0,0,0,0,0,0,0,0,0,0,0,0,0,0,0,0,0,0,0,0,0
clifford_simp_not_post_basic,q16_gates5000_pt0.4_seeds1000,16,5000,0.4,1000,4216,1421,2795,5134,276,166,98,75,63,46,27,22,14,12,1,3,4,0,1,1,0,0,0,0,0,0,0,0,0,0,0,0,0,0,0,0,0,0,0,0,0,0,0,0,0,0
clifford_simp_not_post_basic,q16_gates5000_pt0.4_seeds1001,16,5000,0.4,1001,4225,1385,2840,5442,217,150,88,98,67,76,44,16,11,7,3,1,1,0,0,0,0,0,0,0,0,0,0,0,0,0,0,0,0,0,0,0,0,0,0,0,0,0,0,0,0,0
clifford_simp_not_post_basic,q16_gates5000_pt0.4_seeds1002,16,5000,0.4,1002,4021,1383,2638,4525,264,158,108,97,71,44,27,13,6,0,0,1,0,0,0,0,0,0,0,0,0,0,0,0,0,0,0,0,0,0,0,0,0,0,0,0,0,0,0,0,0,0
clifford_simp_not_post_basic,q16_gates10000_pt0_seeds1000,16,10000,0,1000,231,70,161,262,32,0,5,26,1,0,0,0,0,0,0,0,0,0,0,0,0,0,0,0,0,0,0,0,0,0,0,0,0,0,0,0,0,0,0,0,0,0,0,0,0,0
clifford_simp_not_post_basic,q16_gates10000_pt0_seeds1001,16,10000,0,1001,264,75,189,279,32,0,5,22,5,0,0,0,0,0,0,0,0,0,0,0,0,0,0,0,0,0,0,0,0,0,0,0,0,0,0,0,0,0,0,0,0,0,0,0,0,0
clifford_simp_not_post_basic,q16_gates10000_pt0_seeds1002,16,10000,0,1002,235,70,165,249,32,0,13,15,4,0,0,0,0,0,0,0,0,0,0,0,0,0,0,0,0,0,0,0,0,0,0,0,0,0,0,0,0,0,0,0,0,0,0,0,0,0
clifford_simp_not_post_basic,q16_gates10000_pt0.04_seeds1000,16,10000,0.04,1000,4203,757,3446,31908,36,0,0,1,0,1,1,0,1,1,1,1,2,0,2,2,3,4,1,1,1,1,7,11,4,3,1,0,6,6,12,5,4,8,22,30,62,58,44,32,23,10
clifford_simp_not_post_basic,q16_gates10000_pt0.04_seeds1001,16,10000,0.04,1001,4409,802,3607,35518,38,1,0,1,0,0,0,2,2,2,0,0,1,0,3,0,2,0,0,2,2,2,3,1,2,2,5,3,8,11,12,9,2,3,5,6,28,39,57,67,67,42
clifford_simp_not_post_basic,q16_gates10000_pt0.04_seeds1002,16,10000,0.04,1002,4432,795,3637,36852,36,1,0,0,0,0,1,1,2,0,0,0,1,1,0,3,4,1,1,2,0,2,1,1,6,4,5,3,0,0,1,0,0,1,2,6,20,24,55,75,74,93
clifford_simp_not_post_basic,q16_gates10000_pt0.08_seeds1000,16,10000,0.08,1000,6583,1264,5319,29963,50,6,1,2,6,10,22,22,15,13,22,25,33,8,14,20,34,27,21,23,10,14,16,26,45,37,35,29,23,1,6,13,14,8,3,0,1,0,1,1,0,10
clifford_simp_not_post_basic,q16_gates10000_pt0.08_seeds1001,16,10000,0.08,1001,6965,1321,5644,43374,58,12,1,5,2,4,9,8,7,8,13,8,11,15,16,26,21,15,13,15,16,20,18,11,25,31,40,22,12,10,8,10,7,7,5,5,11,8,6,13,33,118
clifford_simp_not_post_basic,q16_gates10000_pt0.08_seeds1002,16,10000,0.08,1002,7032,1364,5668,41272,51,8,0,6,5,5,17,13,14,23,11,20,30,28,17,10,9,25,30,37,20,23,8,4,3,3,3,17,17,16,19,10,12,5,4,7,12,30,33,30,21,60
clifford_simp_not_post_basic,q16_gates10000_pt0.12_seeds1000,16,10000,0.12,1000,8184,1701,6483,26209,97,27,13,25,29,34,30,37,38,50,34,18,28,28,55,86,74,45,28,26,40,26,19,8,1,0,0,1,2,1,0,0,0,0,0,3,0,0,2,0,0,0
clifford_simp_not_post_basic,q16_gates10000_pt0.12_seeds1001,16,10000,0.12,1001,8345,1762,6583,22401,97,32,21,31,27,55,73,61,38,55,94,67,51,42,26,27,23,12,17,23,21,8,2,3,16,8,1,2,1,1,1,0,0,0,0,0,0,0,0,0,0,0
clifford_simp_not_post_basic,q16_gates10000_pt0.12_seeds1002,16,10000,0.12,1002,8176,1682,6494,22241,98,23,17,20,35,34,41,43,39,45,79,101,77,56,37,29,27,31,20,11,12,10,1,4,6,2,2,0,0,0,0,0,0,0,0,0,0,0,0,0,0,0
clifford_simp_not_post_basic,q16_gates10000_pt0.16_seeds1000,16,10000,0.16,1000,8720,2069,6651,16146,157,85,63,75,109,113,95,97,72,79,56,39,29,16,4,4,9,1,1,1,4,1,0,2,1,0,0,0,0,0,0,0,0,0,0,0,0,0,0,0,0,0
clifford_simp_not_post_basic,q16_gates10000_pt0.16_seeds1001,16,10000,0.16,1001,9217,2072,7145,22706,156,62,46,51,56,65,64,73,79,67,60,71,45,30,29,19,23,22,13,18,23,14,7,1,5,1,0,2,4,3,0,0,0,0,0,0,0,0,0,0,0,0
clifford_simp_not_post_basic,q16_gates10000_pt0.16_seeds1002,16,10000,0.16,1002,9013,2035,6978,21743,150,85,51,47,65,69,49,50,35,55,81,67,61,43,42,35,31,28,18,14,7,3,1,1,2,1,3,0,0,0,0,0,0,0,0,0,0,0,0,0,0,0
clifford_simp_not_post_basic,q16_gates10000_pt0.2_seeds1000,16,10000,0.2,1000,9392,2280,7112,16113,208,116,88,97,118,108,117,80,65,60,54,41,40,24,5,4,2,3,0,0,0,1,0,0,0,0,0,0,0,0,0,0,0,0,0,0,0,0,0,0,0,0
clifford_simp_not_post_basic,q16_gates10000_pt0.2_seeds1001,16,10000,0.2,1001,9292,2314,6978,18521,227,129,84,65,60,89,123,101,93,68,50,35,34,34,31,18,8,3,2,0,0,6,2,2,0,1,0,0,0,0,0,0,0,0,0,0,0,0,0,0,0,0
clifford_simp_not_post_basic,q16_gates10000_pt0.2_seeds1002,16,10000,0.2,1002,9322,2244,7078,17355,192,96,79,92,83,125,86,96,87,74,48,66,40,21,11,12,6,1,0,0,0,0,0,0,0,0,0,0,0,0,0,0,0,0,0,0,0,0,0,0,0,0
clifford_simp_not_post_basic,q16_gates10000_pt0.4_seeds1000,16,10000,0.4,1000,8017,2796,5221,8933,486,373,243,180,110,78,41,24,21,3,1,3,1,1,1,0,0,0,0,0,0,0,0,0,0,0,0,0,0,0,0,0,0,0,0,0,0,0,0,0,0,0
clifford_simp_not_post_basic,q16_gates10000_pt0.4_seeds1001,16,10000,0.4,1001,8220,2637,5583,10583,396,264,203,152,131,110,80,55,26,16,8,7,4,0,0,0,0,0,0,0,0,0,0,0,0,0,0,0,0,0,0,0,0,0,0,0,0,0,0,0,0,0
clifford_simp_not_post_basic,q16_gates10000_pt0.4_seeds1002,16,10000,0.4,1002,8006,2793,5213,9313,523,346,221,178,106,68,50,35,20,12,8,3,3,0,0,0,0,0,0,0,0,0,0,0,0,0,0,0,0,0,0,0,0,0,0,0,0,0,0,0,0,0
