optimize_name,qubit,p_t,input_gates,seed,depth_bef,all_gates,one-qubit_gates,two-qubit gates,t,H,otherRZ,CNOT,CZ,depth_aft,time
original,4,0.0,5000,1000,2622,5000,3278,1722,0,1633,1645,1722,0,2622,0.033101558685302734
original,4,0.0,5000,1001,2615,5000,3333,1667,0,1702,1631,1667,0,2615,0.029905080795288086
original,4,0.0,5000,1002,2583,5000,3354,1646,0,1653,1701,1646,0,2583,0.02855658531188965
original,4,0.04,5000,1000,2576,5000,3359,1641,197,1561,1601,1641,0,2576,0.027461528778076172
original,4,0.04,5000,1001,2567,5000,3406,1594,204,1643,1559,1594,0,2567,0.0276029109954834
original,4,0.04,5000,1002,2539,5000,3417,1583,194,1594,1629,1583,0,2539,0.02882528305053711
original,4,0.08,5000,1000,2532,5000,3428,1572,374,1479,1575,1572,0,2532,0.027564287185668945
original,4,0.08,5000,1001,2533,5000,3478,1522,403,1585,1490,1522,0,2533,0.05792379379272461
original,4,0.08,5000,1002,2496,5000,3489,1511,385,1528,1576,1511,0,2496,0.028658628463745117
original,4,0.12,5000,1000,2495,5000,3480,1520,540,1419,1521,1520,0,2495,0.0293276309967041
original,4,0.12,5000,1001,2484,5000,3551,1449,604,1501,1446,1449,0,2484,0.028191566467285156
original,4,0.12,5000,1002,2454,5000,3557,1443,582,1465,1510,1443,0,2454,0.027570724487304688
original,4,0.16,5000,1000,2443,5000,3568,1432,754,1373,1441,1432,0,2443,0.028899431228637695
original,4,0.16,5000,1001,2442,5000,3614,1386,817,1435,1362,1386,0,2442,0.027800798416137695
original,4,0.16,5000,1002,2411,5000,3625,1375,800,1393,1432,1375,0,2411,0.029563426971435547
original,4,0.2,5000,1000,2409,5000,3642,1358,950,1302,1390,1358,0,2409,0.05512738227844238
original,4,0.2,5000,1001,2380,5000,3691,1309,995,1376,1320,1309,0,2380,0.02801036834716797
original,4,0.2,5000,1002,2385,5000,3682,1318,980,1314,1388,1318,0,2385,0.02843308448791504
original,4,0.24,5000,1000,2379,5000,3699,1301,1147,1251,1301,1301,0,2379,0.027823925018310547
original,4,0.24,5000,1001,2345,5000,3753,1247,1193,1317,1243,1247,0,2345,0.029976844787597656
original,4,0.24,5000,1002,2345,5000,3739,1261,1181,1223,1335,1261,0,2345,0.028328657150268555
original,4,0.28,5000,1000,2307,5000,3781,1219,1366,1182,1233,1219,0,2307,0.028735876083374023
original,4,0.28,5000,1001,2309,5000,3819,1181,1375,1251,1193,1181,0,2309,0.0563967227935791
original,4,0.28,5000,1002,2324,5000,3795,1205,1381,1154,1260,1205,0,2324,0.0281674861907959
original,4,0.32,5000,1000,2265,5000,3856,1144,1611,1120,1125,1144,0,2265,0.028148889541625977
original,4,0.32,5000,1001,2258,5000,3888,1112,1590,1178,1120,1112,0,2258,0.027492046356201172
original,4,0.32,5000,1002,2275,5000,3868,1132,1591,1080,1197,1132,0,2275,0.028682231903076172
original,4,0.36,5000,1000,2215,5000,3927,1073,1813,1044,1070,1073,0,2215,0.029131650924682617
original,4,0.36,5000,1001,2207,5000,3950,1050,1780,1105,1065,1050,0,2207,0.029385089874267578
original,4,0.36,5000,1002,2234,5000,3945,1055,1829,1017,1099,1055,0,2234,0.028729915618896484
original,4,0.4,5000,1000,2188,5000,3983,1017,2023,967,993,1017,0,2188,0.05723857879638672
original,4,0.4,5000,1001,2174,5000,4000,1000,1969,1052,979,1000,0,2174,0.029028654098510742
original,4,0.4,5000,1002,2178,5000,4034,966,2046,986,1002,966,0,2178,0.028708934783935547
original,8,0.0,5000,1000,1534,5000,3287,1713,0,1642,1645,1713,0,1534,0.02776956558227539
original,8,0.0,5000,1001,1488,5000,3359,1641,0,1705,1654,1641,0,1488,0.02746415138244629
original,8,0.0,5000,1002,1498,5000,3364,1636,0,1664,1700,1636,0,1498,0.027779579162597656
original,8,0.04,5000,1000,1489,5000,3376,1624,192,1578,1606,1624,0,1489,0.02829289436340332
original,8,0.04,5000,1001,1479,5000,3424,1576,198,1636,1590,1576,0,1479,0.02760934829711914
original,8,0.04,5000,1002,1480,5000,3427,1573,202,1605,1620,1573,0,1480,0.05490255355834961
original,8,0.08,5000,1000,1456,5000,3441,1559,371,1494,1576,1559,0,1456,0.028296947479248047
original,8,0.08,5000,1001,1462,5000,3488,1512,401,1578,1509,1512,0,1462,0.027860641479492188
original,8,0.08,5000,1002,1443,5000,3498,1502,390,1533,1575,1502,0,1443,0.028231143951416016
original,8,0.12,5000,1000,1422,5000,3490,1510,534,1433,1523,1510,0,1422,0.027832508087158203
original,8,0.12,5000,1001,1420,5000,3561,1439,598,1509,1454,1439,0,1420,0.027838706970214844
original,8,0.12,5000,1002,1408,5000,3573,1427,589,1465,1519,1427,0,1408,0.02789163589477539
original,8,0.16,5000,1000,1391,5000,3575,1425,757,1380,1438,1425,0,1391,0.029567956924438477
original,8,0.16,5000,1001,1392,5000,3616,1384,807,1445,1364,1384,0,1392,0.05931687355041504
original,8,0.16,5000,1002,1381,5000,3646,1354,811,1399,1436,1354,0,1381,0.027857542037963867
original,8,0.2,5000,1000,1363,5000,3646,1354,938,1314,1394,1354,0,1363,0.028530597686767578
original,8,0.2,5000,1001,1359,5000,3689,1311,977,1384,1328,1311,0,1359,0.028562307357788086
original,8,0.2,5000,1002,1365,5000,3698,1302,993,1323,1382,1302,0,1365,0.02927112579345703
original,8,0.24,5000,1000,1354,5000,3706,1294,1137,1259,1310,1294,0,1354,0.02817082405090332
original,8,0.24,5000,1001,1339,5000,3747,1253,1174,1321,1252,1253,0,1339,0.02819991111755371
original,8,0.24,5000,1002,1331,5000,3751,1249,1193,1237,1321,1249,0,1331,0.028738021850585938
original,8,0.28,5000,1000,1315,5000,3784,1216,1351,1186,1247,1216,0,1315,0.05634427070617676
original,8,0.28,5000,1001,1313,5000,3810,1190,1355,1249,1206,1190,0,1313,0.029201269149780273
original,8,0.28,5000,1002,1320,5000,3803,1197,1393,1164,1246,1197,0,1320,0.029190540313720703
original,8,0.32,5000,1000,1265,5000,3865,1135,1607,1120,1138,1135,0,1265,0.02888941764831543
original,8,0.32,5000,1001,1262,5000,3883,1117,1581,1175,1127,1117,0,1262,0.028294086456298828
original,8,0.32,5000,1002,1293,5000,3872,1128,1603,1089,1180,1128,0,1293,0.0286867618560791
original,8,0.36,5000,1000,1247,5000,3927,1073,1807,1044,1076,1073,0,1247,0.02903437614440918
original,8,0.36,5000,1001,1240,5000,3946,1054,1780,1095,1071,1054,0,1240,0.055539846420288086
original,8,0.36,5000,1002,1250,5000,3955,1045,1841,1022,1092,1045,0,1250,0.029758930206298828
original,8,0.4,5000,1000,1224,5000,3985,1015,2022,969,994,1015,0,1224,0.0289461612701416
original,8,0.4,5000,1001,1220,5000,4008,992,1981,1045,982,992,0,1220,0.029268741607666016
original,8,0.4,5000,1002,1217,5000,4044,956,2049,992,1003,956,0,1217,0.028835535049438477
original,12,0.0,5000,1000,1070,5000,3316,1684,0,1671,1645,1684,0,1070,0.027932405471801758
original,12,0.0,5000,1001,1053,5000,3317,1683,0,1705,1612,1683,0,1053,0.028098106384277344
original,12,0.0,5000,1002,1080,5000,3304,1696,0,1676,1628,1696,0,1080,0.028418540954589844
original,12,0.04,5000,1000,1060,5000,3368,1632,198,1604,1566,1632,0,1060,0.0557093620300293
original,12,0.04,5000,1001,1027,5000,3415,1585,205,1660,1550,1585,0,1027,0.02790689468383789
original,12,0.04,5000,1002,1035,5000,3395,1605,194,1631,1570,1605,0,1035,0.027631521224975586
original,12,0.08,5000,1000,1036,5000,3436,1564,407,1524,1505,1564,0,1036,0.027911663055419922
original,12,0.08,5000,1001,1018,5000,3467,1533,400,1591,1476,1533,0,1018,0.028763532638549805
original,12,0.08,5000,1002,1006,5000,3471,1529,413,1573,1485,1529,0,1006,0.02786564826965332
original,12,0.12,5000,1000,1029,5000,3500,1500,580,1472,1448,1500,0,1029,0.02801656723022461
original,12,0.12,5000,1001,987,5000,3578,1422,618,1527,1433,1422,0,987,0.028397798538208008
original,12,0.12,5000,1002,989,5000,3539,1461,620,1482,1437,1461,0,989,0.056893110275268555
original,12,0.16,5000,1000,1002,5000,3572,1428,800,1408,1364,1428,0,1002,0.02874445915222168
original,12,0.16,5000,1001,958,5000,3634,1366,790,1427,1417,1366,0,958,0.028136253356933594
original,12,0.16,5000,1002,972,5000,3612,1388,855,1395,1362,1388,0,972,0.0285646915435791
original,12,0.2,5000,1000,959,5000,3667,1333,1006,1348,1313,1333,0,959,0.028323650360107422
original,12,0.2,5000,1001,932,5000,3696,1304,979,1365,1352,1304,0,932,0.028956174850463867
original,12,0.2,5000,1002,945,5000,3670,1330,1045,1318,1307,1330,0,945,0.028599977493286133
original,12,0.24,5000,1000,946,5000,3741,1259,1211,1288,1242,1259,0,946,0.027869701385498047
original,12,0.24,5000,1001,911,5000,3794,1206,1195,1306,1293,1206,0,911,0.056352853775024414
original,12,0.24,5000,1002,932,5000,3728,1272,1248,1249,1231,1272,0,932,0.02887892723083496
original,12,0.28,5000,1000,936,5000,3794,1206,1402,1219,1173,1206,0,936,0.02853989601135254
original,12,0.28,5000,1001,891,5000,3833,1167,1392,1237,1204,1167,0,891,0.028346776962280273
original,12,0.28,5000,1002,907,5000,3786,1214,1440,1183,1163,1214,0,907,0.029071569442749023
original,12,0.32,5000,1000,906,5000,3875,1125,1631,1154,1090,1125,0,906,0.02838277816772461
original,12,0.32,5000,1001,868,5000,3900,1100,1607,1168,1125,1100,0,868,0.03038787841796875
original,12,0.32,5000,1002,884,5000,3851,1149,1626,1105,1120,1149,0,884,0.057486534118652344
original,12,0.36,5000,1000,881,5000,3953,1047,1829,1080,1044,1047,0,881,0.028206586837768555
original,12,0.36,5000,1001,838,5000,3999,1001,1813,1096,1090,1001,0,838,0.02930307388305664
original,12,0.36,5000,1002,860,5000,3920,1080,1838,1030,1052,1080,0,860,0.029574871063232422
original,12,0.4,5000,1000,871,5000,4009,991,2012,1015,982,991,0,871,0.02832508087158203
original,12,0.4,5000,1001,815,5000,4072,928,2006,1028,1038,928,0,815,0.02918529510498047
original,12,0.4,5000,1002,848,5000,4009,991,2083,957,969,991,0,848,0.028330326080322266
original,16,0.0,5000,1000,858,5000,3289,1711,0,1644,1645,1711,0,858,0.029407024383544922
original,16,0.0,5000,1001,825,5000,3356,1644,0,1685,1671,1644,0,825,0.05959510803222656
original,16,0.0,5000,1002,810,5000,3363,1637,0,1666,1697,1637,0,810,0.027870893478393555
original,16,0.04,5000,1000,835,5000,3380,1620,196,1584,1600,1620,0,835,0.02832174301147461
original,16,0.04,5000,1001,807,5000,3425,1575,205,1614,1606,1575,0,807,0.028072595596313477
original,16,0.04,5000,1002,793,5000,3434,1566,206,1605,1623,1566,0,793,0.029285907745361328
original,16,0.08,5000,1000,830,5000,3449,1551,386,1497,1566,1551,0,830,0.028274059295654297
original,16,0.08,5000,1001,793,5000,3489,1511,407,1560,1522,1511,0,793,0.028240203857421875
original,16,0.08,5000,1002,789,5000,3501,1499,396,1540,1565,1499,0,789,0.028718948364257812
original,16,0.12,5000,1000,809,5000,3502,1498,549,1438,1515,1498,0,809,0.05809140205383301
original,16,0.12,5000,1001,776,5000,3567,1433,599,1491,1477,1433,0,776,0.029595136642456055
original,16,0.12,5000,1002,775,5000,3565,1435,582,1472,1511,1435,0,775,0.02850651741027832
original,16,0.16,5000,1000,792,5000,3580,1420,761,1387,1432,1420,0,792,0.02913069725036621
original,16,0.16,5000,1001,771,5000,3619,1381,804,1424,1391,1381,0,771,0.028840303421020508
original,16,0.16,5000,1002,758,5000,3640,1360,805,1404,1431,1360,0,758,0.029205799102783203
original,16,0.2,5000,1000,775,5000,3648,1352,939,1321,1388,1352,0,775,0.029184341430664062
original,16,0.2,5000,1001,761,5000,3694,1306,985,1368,1341,1306,0,761,0.028584718704223633
original,16,0.2,5000,1002,749,5000,3688,1312,985,1331,1372,1312,0,749,0.06685280799865723
original,16,0.24,5000,1000,762,5000,3707,1293,1140,1260,1307,1293,0,762,0.029965639114379883
original,16,0.24,5000,1001,731,5000,3747,1253,1182,1308,1257,1253,0,731,0.02907276153564453
original,16,0.24,5000,1002,739,5000,3745,1255,1181,1243,1321,1255,0,739,0.029111862182617188
original,16,0.28,5000,1000,732,5000,3785,1215,1359,1194,1232,1215,0,732,0.030289888381958008
original,16,0.28,5000,1001,718,5000,3811,1189,1367,1235,1209,1189,0,718,0.03475689888000488
original,16,0.28,5000,1002,722,5000,3809,1191,1387,1173,1249,1191,0,722,0.02860426902770996
original,16,0.32,5000,1000,698,5000,3866,1134,1613,1122,1131,1134,0,698,0.030263662338256836
original,16,0.32,5000,1001,694,5000,3889,1111,1600,1167,1122,1111,0,694,0.06362342834472656
original,16,0.32,5000,1002,702,5000,3881,1119,1598,1092,1191,1119,0,702,0.030463218688964844
original,16,0.36,5000,1000,683,5000,3931,1069,1812,1044,1075,1069,0,683,0.029175281524658203
original,16,0.36,5000,1001,667,5000,3958,1042,1798,1088,1072,1042,0,667,0.0287628173828125
original,16,0.36,5000,1002,684,5000,3969,1031,1843,1025,1101,1031,0,684,0.03014683723449707
original,16,0.4,5000,1000,661,5000,3993,1007,2024,969,1000,1007,0,661,0.030577659606933594
original,16,0.4,5000,1001,651,5000,4018,982,2000,1041,977,982,0,651,0.02918076515197754
original,16,0.4,5000,1002,669,5000,4054,946,2053,991,1010,946,0,669,0.057025909423828125
basic,4,0.0,5000,1000,2622,2150,1112,1038,0,443,669,879,159,1386,0.4704587459564209
basic,4,0.0,5000,1001,2615,2154,1117,1037,0,432,685,878,159,1406,0.3720881938934326
basic,4,0.0,5000,1002,2583,2130,1110,1020,0,437,673,858,162,1385,0.35817956924438477
basic,4,0.04,5000,1000,2576,2221,1189,1032,167,474,548,858,174,1452,0.37589168548583984
basic,4,0.04,5000,1001,2567,2270,1227,1043,178,468,581,871,172,1466,0.32209348678588867
basic,4,0.04,5000,1002,2539,2200,1219,981,166,472,581,827,154,1424,0.3971831798553467
basic,4,0.08,5000,1000,2532,2353,1329,1024,294,514,521,841,183,1508,0.36017751693725586
basic,4,0.08,5000,1001,2533,2377,1351,1026,313,508,530,874,152,1475,0.3576076030731201
basic,4,0.08,5000,1002,2496,2308,1339,969,317,511,511,830,139,1450,0.4833183288574219
basic,4,0.12,5000,1000,2495,2378,1378,1000,370,527,481,847,153,1476,0.41332054138183594
basic,4,0.12,5000,1001,2484,2355,1361,994,384,519,458,859,135,1461,0.4053013324737549
basic,4,0.12,5000,1002,2454,2378,1420,958,396,551,473,809,149,1478,0.3862123489379883
basic,4,0.16,5000,1000,2443,2386,1417,969,432,537,448,824,145,1461,0.4131953716278076
basic,4,0.16,5000,1001,2442,2386,1417,969,471,547,399,835,134,1459,0.3781752586364746
basic,4,0.16,5000,1002,2411,2395,1457,938,474,560,423,803,135,1470,0.40820837020874023
basic,4,0.2,5000,1000,2409,2360,1414,946,478,536,400,811,135,1413,0.33899855613708496
basic,4,0.2,5000,1001,2380,2333,1412,921,481,547,384,791,130,1452,0.42855238914489746
basic,4,0.2,5000,1002,2385,2424,1501,923,514,574,413,795,128,1458,0.4103853702545166
basic,4,0.24,5000,1000,2379,2359,1438,921,505,536,397,791,130,1394,0.39922237396240234
basic,4,0.24,5000,1001,2345,2250,1377,873,503,526,348,757,116,1346,0.419574499130249
basic,4,0.24,5000,1002,2345,2369,1492,877,537,568,387,772,105,1403,0.4665818214416504
basic,4,0.28,5000,1000,2307,2325,1445,880,542,545,358,758,122,1369,0.39911723136901855
basic,4,0.28,5000,1001,2309,2189,1370,819,517,518,335,709,110,1314,0.3701767921447754
basic,4,0.28,5000,1002,2324,2330,1469,861,561,547,361,763,98,1380,0.42774367332458496
basic,4,0.32,5000,1000,2265,2326,1474,852,583,562,329,750,102,1390,0.3908271789550781
basic,4,0.32,5000,1001,2258,2147,1378,769,560,530,288,670,99,1242,0.42764878273010254
basic,4,0.32,5000,1002,2275,2243,1423,820,553,541,329,715,105,1338,0.3335442543029785
basic,4,0.36,5000,1000,2215,2158,1363,795,565,508,290,694,101,1304,0.37563538551330566
basic,4,0.36,5000,1001,2207,2093,1333,760,570,498,265,676,84,1217,0.38902831077575684
basic,4,0.36,5000,1002,2234,2192,1419,773,571,536,312,700,73,1273,0.39167237281799316
basic,4,0.4,5000,1000,2188,2074,1320,754,537,494,289,659,95,1231,0.3732931613922119
basic,4,0.4,5000,1001,2174,2087,1353,734,587,507,259,661,73,1206,0.3722507953643799
basic,4,0.4,5000,1002,2178,2085,1365,720,556,515,294,645,75,1205,0.3756074905395508
basic,8,0.0,5000,1000,1534,2740,1284,1456,0,506,778,1203,253,1159,0.2730400562286377
basic,8,0.0,5000,1001,1488,2632,1252,1380,0,517,735,1140,240,1116,0.28972649574279785
basic,8,0.0,5000,1002,1498,2586,1210,1376,0,495,715,1130,246,1110,0.25970935821533203
basic,8,0.04,5000,1000,1489,2707,1332,1375,158,516,658,1124,251,1135,0.31386399269104004
basic,8,0.04,5000,1001,1479,2710,1367,1343,174,547,646,1133,210,1135,0.2766075134277344
basic,8,0.04,5000,1002,1480,2663,1309,1354,168,514,627,1095,259,1112,0.2928633689880371
basic,8,0.08,5000,1000,1456,2715,1388,1327,287,534,567,1101,226,1087,0.3209683895111084
basic,8,0.08,5000,1001,1462,2734,1437,1297,307,567,563,1066,231,1127,0.27472734451293945
basic,8,0.08,5000,1002,1443,2735,1421,1314,290,551,580,1074,240,1122,0.27551841735839844
basic,8,0.12,5000,1000,1422,2749,1451,1298,352,549,550,1098,200,1097,0.30632948875427246
basic,8,0.12,5000,1001,1420,2720,1464,1256,398,565,501,1034,222,1055,0.27159953117370605
basic,8,0.12,5000,1002,1408,2716,1472,1244,387,577,508,1019,225,1053,0.3021514415740967
basic,8,0.16,5000,1000,1391,2700,1467,1233,447,554,466,1042,191,1037,0.301285982131958
basic,8,0.16,5000,1001,1392,2701,1489,1212,475,558,456,1015,197,1056,0.3270998001098633
basic,8,0.16,5000,1002,1381,2684,1492,1192,453,581,458,975,217,1071,0.27864813804626465
basic,8,0.2,5000,1000,1363,2662,1484,1178,490,554,440,990,188,1015,0.30251121520996094
basic,8,0.2,5000,1001,1359,2692,1534,1158,525,588,421,985,173,1046,0.2566649913787842
basic,8,0.2,5000,1002,1365,2682,1517,1165,499,580,438,976,189,1020,0.2473282814025879
basic,8,0.24,5000,1000,1354,2662,1513,1149,509,570,434,983,166,1012,0.253340482711792
basic,8,0.24,5000,1001,1339,2668,1563,1105,572,598,393,938,167,1011,0.27316951751708984
basic,8,0.24,5000,1002,1331,2638,1515,1123,539,568,408,946,177,998,0.25020289421081543
basic,8,0.28,5000,1000,1315,2602,1517,1085,547,554,416,943,142,977,0.27259254455566406
basic,8,0.28,5000,1001,1313,2585,1538,1047,599,581,358,890,157,958,0.2524285316467285
basic,8,0.28,5000,1002,1320,2604,1516,1088,567,566,383,924,164,992,0.25455546379089355
basic,8,0.32,5000,1000,1265,2517,1496,1021,563,548,385,874,147,916,0.2488851547241211
basic,8,0.32,5000,1001,1262,2503,1504,999,601,570,333,860,139,903,0.27799320220947266
basic,8,0.32,5000,1002,1293,2521,1490,1031,569,560,361,875,156,951,0.2798576354980469
basic,8,0.36,5000,1000,1247,2439,1475,964,571,539,365,827,137,907,0.22194766998291016
basic,8,0.36,5000,1001,1240,2404,1454,950,588,551,315,803,147,875,0.26781439781188965
basic,8,0.36,5000,1002,1250,2401,1455,946,581,545,329,808,138,881,0.2753586769104004
basic,8,0.4,5000,1000,1224,2397,1485,912,598,543,344,792,120,879,0.2230830192565918
basic,8,0.4,5000,1001,1220,2289,1391,898,559,530,302,790,108,827,0.2691643238067627
basic,8,0.4,5000,1002,1217,2293,1415,878,575,534,306,761,117,830,0.250687837600708
basic,12,0.0,5000,1000,1070,2850,1321,1529,0,531,790,1262,267,904,0.2598531246185303
basic,12,0.0,5000,1001,1053,2802,1253,1549,0,522,731,1247,302,910,0.23308920860290527
basic,12,0.0,5000,1002,1080,2783,1234,1549,0,501,733,1242,307,896,0.2659187316894531
basic,12,0.04,5000,1000,1060,2849,1367,1482,186,549,632,1210,272,889,0.2570972442626953
basic,12,0.04,5000,1001,1027,2839,1371,1468,177,555,639,1180,288,877,0.23601770401000977
basic,12,0.04,5000,1002,1035,2824,1346,1478,168,534,644,1204,274,866,0.29556727409362793
basic,12,0.08,5000,1000,1036,2875,1455,1420,325,569,561,1166,254,862,0.3071444034576416
basic,12,0.08,5000,1001,1018,2903,1475,1428,300,577,598,1163,265,859,0.2613227367401123
basic,12,0.08,5000,1002,1006,2832,1418,1414,291,553,574,1177,237,863,0.28426122665405273
basic,12,0.12,5000,1000,1029,2861,1490,1371,418,583,489,1143,228,863,0.23280620574951172
basic,12,0.12,5000,1001,987,2898,1574,1324,424,614,536,1115,209,827,0.25914525985717773
basic,12,0.12,5000,1002,989,2871,1499,1372,416,584,499,1141,231,849,0.22863078117370605
basic,12,0.16,5000,1000,1002,2818,1506,1312,488,576,442,1101,211,846,0.31551551818847656
basic,12,0.16,5000,1001,958,2822,1549,1273,492,605,452,1073,200,792,0.2634444236755371
basic,12,0.16,5000,1002,972,2908,1589,1319,501,604,484,1124,195,808,0.253680944442749
basic,12,0.2,5000,1000,959,2790,1558,1232,560,589,409,1051,181,792,0.2050018310546875
basic,12,0.2,5000,1001,932,2748,1520,1228,519,583,418,1032,196,751,0.2282862663269043
basic,12,0.2,5000,1002,945,2783,1537,1246,533,579,425,1052,194,830,0.26087164878845215
basic,12,0.24,5000,1000,946,2767,1589,1178,577,606,406,995,183,760,0.2022545337677002
basic,12,0.24,5000,1001,911,2667,1531,1136,553,581,397,974,162,725,0.22801518440246582
basic,12,0.24,5000,1002,932,2733,1536,1197,560,576,400,1035,162,789,0.23041892051696777
basic,12,0.28,5000,1000,936,2705,1583,1122,594,589,400,963,159,770,0.24921083450317383
basic,12,0.28,5000,1001,891,2649,1538,1111,578,576,384,946,165,716,0.22115182876586914
basic,12,0.28,5000,1002,907,2643,1489,1154,584,550,355,969,185,761,0.22812223434448242
basic,12,0.32,5000,1000,906,2572,1517,1055,601,553,363,905,150,705,0.23070073127746582
basic,12,0.32,5000,1001,868,2599,1551,1048,599,593,359,900,148,666,0.2198348045349121
basic,12,0.32,5000,1002,884,2564,1479,1085,596,553,330,927,158,717,0.253690242767334
basic,12,0.36,5000,1000,881,2460,1467,993,587,539,341,858,135,662,0.22222638130187988
basic,12,0.36,5000,1001,838,2410,1462,948,589,558,315,824,124,621,0.21438241004943848
basic,12,0.36,5000,1002,860,2466,1445,1021,596,529,320,891,130,696,0.22222232818603516
basic,12,0.4,5000,1000,871,2383,1432,951,582,519,331,822,129,639,0.22596001625061035
basic,12,0.4,5000,1001,815,2335,1442,893,584,560,298,766,127,602,0.1921827793121338
basic,12,0.4,5000,1002,848,2319,1381,938,581,494,306,831,107,635,0.24724030494689941
basic,16,0.0,5000,1000,858,2927,1296,1631,0,519,777,1308,323,769,0.2656996250152588
basic,16,0.0,5000,1001,825,2874,1322,1552,0,544,778,1231,321,743,0.2292184829711914
basic,16,0.0,5000,1002,810,2732,1197,1535,0,495,702,1230,305,685,0.19702744483947754
basic,16,0.04,5000,1000,835,2919,1390,1529,168,559,663,1217,312,702,0.2981538772583008
basic,16,0.04,5000,1001,807,2905,1418,1487,185,566,667,1203,284,729,0.25776028633117676
basic,16,0.04,5000,1002,793,2757,1296,1461,178,526,592,1153,308,650,0.22680425643920898
basic,16,0.08,5000,1000,830,2964,1505,1459,326,596,583,1192,267,690,0.23189711570739746
basic,16,0.08,5000,1001,793,2873,1448,1425,317,578,553,1173,252,700,0.22693991661071777
basic,16,0.08,5000,1002,789,2842,1420,1422,318,577,525,1131,291,698,0.23158788681030273
basic,16,0.12,5000,1000,809,2959,1525,1434,405,586,534,1177,257,698,0.269869327545166
basic,16,0.12,5000,1001,776,2870,1511,1359,413,590,508,1113,246,675,0.22455763816833496
basic,16,0.12,5000,1002,775,2830,1465,1365,398,574,493,1129,236,647,0.25955653190612793
basic,16,0.16,5000,1000,792,2914,1551,1363,493,595,463,1128,235,689,0.20277094841003418
basic,16,0.16,5000,1001,771,2838,1515,1323,470,587,458,1096,227,650,0.23216629028320312
basic,16,0.16,5000,1002,758,2777,1485,1292,475,570,440,1079,213,632,0.2476208209991455
basic,16,0.2,5000,1000,775,2843,1533,1310,531,580,422,1079,231,663,0.22858834266662598
basic,16,0.2,5000,1001,761,2780,1531,1249,521,587,423,1051,198,649,0.19392681121826172
basic,16,0.2,5000,1002,749,2790,1522,1268,535,575,412,1079,189,679,0.22404265403747559
basic,16,0.24,5000,1000,762,2804,1553,1251,566,593,394,1048,203,616,0.27822208404541016
basic,16,0.24,5000,1001,731,2765,1568,1197,576,597,395,1007,190,594,0.19357919692993164
basic,16,0.24,5000,1002,739,2701,1488,1213,553,563,372,1022,191,611,0.1930556297302246
basic,16,0.28,5000,1000,732,2728,1547,1181,579,588,380,1001,180,603,0.2263655662536621
basic,16,0.28,5000,1001,718,2697,1556,1141,601,598,357,961,180,595,0.1916487216949463
basic,16,0.28,5000,1002,722,2658,1497,1161,589,559,349,985,176,587,0.19234800338745117
basic,16,0.32,5000,1000,698,2688,1566,1122,623,599,344,953,169,579,0.2200794219970703
basic,16,0.32,5000,1001,694,2613,1536,1077,628,583,325,915,162,585,0.16968345642089844
basic,16,0.32,5000,1002,702,2603,1513,1090,600,563,350,925,165,568,0.22057580947875977
basic,16,0.36,5000,1000,683,2566,1510,1056,620,562,328,902,154,542,0.2165968418121338
basic,16,0.36,5000,1001,667,2534,1514,1020,606,579,329,877,143,543,0.18808197975158691
basic,16,0.36,5000,1002,684,2500,1488,1012,611,558,319,871,141,555,0.2177727222442627
basic,16,0.4,5000,1000,661,2471,1484,987,622,537,325,844,143,513,0.21314501762390137
basic,16,0.4,5000,1001,651,2472,1493,979,612,566,315,856,123,528,0.19298553466796875
basic,16,0.4,5000,1002,669,2356,1428,928,607,545,276,809,119,520,0.213087797164917
clifford,4,0.0,5000,1000,2622,25,13,12,0,4,9,9,3,17,0.613569974899292
clifford,4,0.0,5000,1001,2615,21,13,8,0,6,7,6,2,11,0.48746395111083984
clifford,4,0.0,5000,1002,2583,18,12,6,0,3,9,4,2,10,0.4745361804962158
clifford,4,0.04,5000,1000,2576,669,342,327,161,161,20,265,62,499,0.5457074642181396
clifford,4,0.04,5000,1001,2567,698,376,322,176,166,34,262,60,519,0.5551214218139648
clifford,4,0.04,5000,1002,2539,675,351,324,164,157,30,277,47,486,0.5644450187683105
clifford,4,0.08,5000,1000,2532,1148,608,540,288,268,52,464,76,853,0.574988842010498
clifford,4,0.08,5000,1001,2533,1233,636,597,307,298,31,495,102,889,0.5927751064300537
clifford,4,0.08,5000,1002,2496,1225,656,569,315,288,53,466,103,878,0.688361406326294
clifford,4,0.12,5000,1000,2495,1424,758,666,364,343,51,534,132,1010,0.6230146884918213
clifford,4,0.12,5000,1001,2484,1464,772,692,380,353,39,595,97,1045,0.703383207321167
clifford,4,0.12,5000,1002,2454,1512,813,699,390,353,70,587,112,1054,0.6863503456115723
clifford,4,0.16,5000,1000,2443,1572,854,718,426,369,59,617,101,1121,0.7222979068756104
clifford,4,0.16,5000,1001,2442,1761,938,823,467,406,65,686,137,1238,0.6478118896484375
clifford,4,0.16,5000,1002,2411,1719,922,797,464,393,65,664,133,1194,0.7490823268890381
clifford,4,0.2,5000,1000,2409,1725,929,796,476,413,40,656,140,1180,0.6131045818328857
clifford,4,0.2,5000,1001,2380,1714,944,770,473,405,66,633,137,1181,0.6486706733703613
clifford,4,0.2,5000,1002,2385,1838,988,850,502,427,59,700,150,1301,0.7249479293823242
clifford,4,0.24,5000,1000,2379,1840,1000,840,497,431,72,706,134,1289,0.7293984889984131
clifford,4,0.24,5000,1001,2345,1790,982,808,499,406,77,673,135,1221,0.6706476211547852
clifford,4,0.24,5000,1002,2345,1912,1035,877,521,450,64,733,144,1335,0.8050928115844727
clifford,4,0.28,5000,1000,2307,1850,1040,810,530,440,70,663,147,1290,0.6440420150756836
clifford,4,0.28,5000,1001,2309,1839,993,846,513,437,43,693,153,1275,0.6403255462646484
clifford,4,0.28,5000,1002,2324,1952,1076,876,549,442,85,719,157,1346,0.6727278232574463
clifford,4,0.32,5000,1000,2265,1966,1109,857,569,487,53,684,173,1326,0.6964905261993408
clifford,4,0.32,5000,1001,2258,1945,1069,876,558,461,50,738,138,1345,0.7281243801116943
clifford,4,0.32,5000,1002,2275,1932,1065,867,543,455,67,720,147,1325,0.6651442050933838
clifford,4,0.36,5000,1000,2215,1871,1058,813,555,447,56,681,132,1286,0.8401937484741211
clifford,4,0.36,5000,1001,2207,1892,1070,822,564,446,60,706,116,1300,0.8320446014404297
clifford,4,0.36,5000,1002,2234,1958,1100,858,567,482,51,708,150,1317,0.6607632637023926
clifford,4,0.4,5000,1000,2188,1856,1013,843,529,435,49,697,146,1264,0.7032516002655029
clifford,4,0.4,5000,1001,2174,1923,1109,814,577,458,74,681,133,1282,0.7580831050872803
clifford,4,0.4,5000,1002,2178,1836,1044,792,548,444,52,642,150,1231,0.6265280246734619
clifford,8,0.0,5000,1000,1534,62,27,35,0,12,15,20,15,35,0.6206998825073242
clifford,8,0.0,5000,1001,1488,71,36,35,0,14,22,30,5,34,0.6594569683074951
clifford,8,0.0,5000,1002,1498,74,38,36,0,17,21,31,5,32,0.6821658611297607
clifford,8,0.04,5000,1000,1489,1096,390,706,158,164,68,475,231,740,0.8042399883270264
clifford,8,0.04,5000,1001,1479,1181,412,769,174,180,58,524,245,793,0.77606201171875
clifford,8,0.04,5000,1002,1480,1167,411,756,166,172,73,488,268,794,0.8896350860595703
clifford,8,0.08,5000,1000,1456,1827,656,1171,285,280,91,787,384,1190,0.9235208034515381
clifford,8,0.08,5000,1001,1462,1950,718,1232,307,303,108,894,338,1240,0.8259496688842773
clifford,8,0.08,5000,1002,1443,1820,667,1153,290,287,90,795,358,1150,0.8717093467712402
clifford,8,0.12,5000,1000,1422,2250,794,1456,352,342,100,982,474,1434,0.8695638179779053
clifford,8,0.12,5000,1001,1420,2385,849,1536,396,368,85,1093,443,1493,0.8684356212615967
clifford,8,0.12,5000,1002,1408,2308,826,1482,387,376,63,1107,375,1411,0.8337271213531494
clifford,8,0.16,5000,1000,1391,2585,930,1655,445,410,75,1077,578,1548,0.8157305717468262
clifford,8,0.16,5000,1001,1392,2687,972,1715,469,435,68,1262,453,1649,0.8020884990692139
clifford,8,0.16,5000,1002,1381,2598,958,1640,453,406,99,1197,443,1561,0.7512781620025635
clifford,8,0.2,5000,1000,1363,2778,1009,1769,490,428,91,1230,539,1648,0.8622579574584961
clifford,8,0.2,5000,1001,1359,2960,1108,1852,525,470,113,1358,494,1708,0.7511453628540039
clifford,8,0.2,5000,1002,1365,2796,1060,1736,499,442,119,1299,437,1644,0.8551986217498779
clifford,8,0.24,5000,1000,1354,2868,1064,1804,505,438,121,1240,564,1712,0.9700400829315186
clifford,8,0.24,5000,1001,1339,3000,1158,1842,568,504,86,1369,473,1755,0.8550639152526855
clifford,8,0.24,5000,1002,1331,2828,1087,1741,533,465,89,1289,452,1585,0.6922266483306885
clifford,8,0.28,5000,1000,1315,2979,1120,1859,541,480,99,1280,579,1767,0.7426092624664307
clifford,8,0.28,5000,1001,1313,2955,1175,1780,595,485,95,1276,504,1607,0.6922752857208252
clifford,8,0.28,5000,1002,1320,2931,1145,1786,565,484,96,1350,436,1678,0.8097198009490967
clifford,8,0.32,5000,1000,1265,2791,1113,1678,557,460,96,1181,497,1537,0.7131812572479248
clifford,8,0.32,5000,1001,1262,2959,1203,1756,599,487,117,1281,475,1645,0.7233517169952393
clifford,8,0.32,5000,1002,1293,2782,1138,1644,563,464,111,1165,479,1567,0.780022382736206
clifford,8,0.36,5000,1000,1247,2798,1111,1687,565,463,83,1211,476,1614,0.7151966094970703
clifford,8,0.36,5000,1001,1240,2891,1178,1713,582,484,112,1268,445,1554,0.6814365386962891
clifford,8,0.36,5000,1002,1250,2789,1151,1638,581,493,77,1144,494,1586,0.7030758857727051
clifford,8,0.4,5000,1000,1224,2803,1178,1625,596,481,101,1181,444,1529,0.698897123336792
clifford,8,0.4,5000,1001,1220,2780,1115,1665,557,475,83,1262,403,1581,0.6904680728912354
clifford,8,0.4,5000,1002,1217,2739,1164,1575,571,493,100,1112,463,1512,0.7149426937103271
clifford,12,0.0,5000,1000,1070,135,41,94,0,19,22,55,39,73,1.111034870147705
clifford,12,0.0,5000,1001,1053,144,42,102,0,22,20,66,36,72,1.003535270690918
clifford,12,0.0,5000,1002,1080,150,54,96,0,22,32,63,33,76,1.118574857711792
clifford,12,0.04,5000,1000,1060,1764,494,1270,186,199,109,774,496,1051,1.7814092636108398
clifford,12,0.04,5000,1001,1027,1691,475,1216,177,192,106,653,563,1049,1.7327806949615479
clifford,12,0.04,5000,1002,1035,1657,464,1193,168,182,114,730,463,1027,1.886430025100708
clifford,12,0.08,5000,1000,1036,2787,752,2035,325,320,107,1254,781,1680,1.393195390701294
clifford,12,0.08,5000,1001,1018,2617,722,1895,298,298,126,1104,791,1598,1.456505537033081
clifford,12,0.08,5000,1002,1006,2611,716,1895,291,300,125,1050,845,1594,1.820103645324707
clifford,12,0.12,5000,1000,1029,3441,941,2500,418,399,124,1524,976,2004,1.246138095855713
clifford,12,0.12,5000,1001,987,3403,928,2475,424,407,97,1594,881,2002,1.2551298141479492
clifford,12,0.12,5000,1002,989,3374,931,2443,416,401,114,1544,899,1949,1.3241612911224365
clifford,12,0.16,5000,1000,1002,3783,1065,2718,488,443,134,1663,1055,2093,1.3360252380371094
clifford,12,0.16,5000,1001,958,3648,1064,2584,490,447,127,1651,933,2008,1.3170123100280762
clifford,12,0.16,5000,1002,972,3639,1032,2607,499,453,80,1724,883,1944,1.1450016498565674
clifford,12,0.2,5000,1000,959,3750,1138,2612,558,490,90,1711,901,1983,0.8708865642547607
clifford,12,0.2,5000,1001,932,3820,1111,2709,517,470,124,1799,910,2057,1.167809009552002
clifford,12,0.2,5000,1002,945,3792,1108,2684,529,474,105,1656,1028,2058,1.0455584526062012
clifford,12,0.24,5000,1000,946,3698,1162,2536,577,501,84,1689,847,1967,0.9200160503387451
clifford,12,0.24,5000,1001,911,3727,1158,2569,551,482,125,1724,845,1967,0.9256494045257568
clifford,12,0.24,5000,1002,932,3744,1176,2568,560,495,121,1741,827,1938,0.990447998046875
clifford,12,0.28,5000,1000,936,3810,1222,2588,594,510,118,1653,935,1987,0.9514460563659668
clifford,12,0.28,5000,1001,891,3729,1183,2546,576,503,104,1797,749,1889,0.9917507171630859
clifford,12,0.28,5000,1002,907,3754,1201,2553,584,496,121,1726,827,1898,0.8487119674682617
clifford,12,0.32,5000,1000,906,3541,1191,2350,599,488,104,1635,715,1799,0.954010009765625
clifford,12,0.32,5000,1001,868,3626,1207,2419,599,509,99,1636,783,1886,0.9405710697174072
clifford,12,0.32,5000,1002,884,3668,1208,2460,596,508,104,1664,796,1873,0.9098846912384033
clifford,12,0.36,5000,1000,881,3519,1185,2334,585,489,111,1557,777,1807,0.8635218143463135
clifford,12,0.36,5000,1001,838,3435,1182,2253,587,498,97,1602,651,1706,0.9109985828399658
clifford,12,0.36,5000,1002,860,3485,1184,2301,594,484,106,1528,773,1724,0.8657305240631104
clifford,12,0.4,5000,1000,871,3244,1146,2098,580,474,92,1470,628,1576,0.8147797584533691
clifford,12,0.4,5000,1001,815,3328,1202,2126,584,506,112,1375,751,1664,0.7391183376312256
clifford,12,0.4,5000,1002,848,3332,1155,2177,581,443,131,1432,745,1743,0.8455941677093506
clifford,16,0.0,5000,1000,858,228,74,154,0,35,39,112,42,104,1.983079195022583
clifford,16,0.0,5000,1001,825,237,71,166,0,30,41,72,94,110,1.5878605842590332
clifford,16,0.0,5000,1002,810,216,62,154,0,28,34,87,67,107,1.8312067985534668
clifford,16,0.04,5000,1000,835,2159,494,1665,166,197,131,839,826,1294,7.394460916519165
clifford,16,0.04,5000,1001,807,2332,524,1808,185,205,134,893,915,1437,7.975074291229248
clifford,16,0.04,5000,1002,793,2303,527,1776,178,212,137,883,893,1384,6.470025300979614
clifford,16,0.08,5000,1000,830,3511,792,2719,324,329,139,1450,1269,2015,4.485661029815674
clifford,16,0.08,5000,1001,793,3500,792,2708,317,328,147,1408,1300,2014,6.677741289138794
clifford,16,0.08,5000,1002,789,3590,814,2776,318,335,161,1396,1380,2064,4.983947992324829
clifford,16,0.12,5000,1000,809,4123,941,3182,405,388,148,1687,1495,2320,3.128875494003296
clifford,16,0.12,5000,1001,776,4193,953,3240,413,409,131,2013,1227,2250,2.6745846271514893
clifford,16,0.12,5000,1002,775,4102,958,3144,398,394,166,1768,1376,2363,3.554344415664673
clifford,16,0.16,5000,1000,792,4453,1087,3366,493,459,135,1907,1459,2265,1.9561543464660645
clifford,16,0.16,5000,1001,771,4396,1044,3352,470,433,141,1861,1491,2393,2.228297472000122
clifford,16,0.16,5000,1002,758,4493,1054,3439,471,438,145,1733,1706,2436,2.717784881591797
clifford,16,0.2,5000,1000,775,4652,1128,3524,531,482,115,2236,1288,2480,1.5813210010528564
clifford,16,0.2,5000,1001,761,4536,1144,3392,521,474,149,1896,1496,2289,1.7354505062103271
clifford,16,0.2,5000,1002,749,4817,1157,3660,535,481,141,2176,1484,2612,1.7608740329742432
clifford,16,0.24,5000,1000,762,4573,1197,3376,566,505,126,2098,1278,2226,1.5026395320892334
clifford,16,0.24,5000,1001,731,4613,1215,3398,576,509,130,1983,1415,2378,1.405984878540039
clifford,16,0.24,5000,1002,739,4507,1171,3336,553,485,133,2125,1211,2266,1.4587907791137695
clifford,16,0.28,5000,1000,732,4479,1220,3259,579,508,133,2028,1231,2208,1.567490577697754
clifford,16,0.28,5000,1001,718,4532,1256,3276,601,518,137,2078,1198,2264,1.4065630435943604
clifford,16,0.28,5000,1002,722,4523,1230,3293,589,508,133,1973,1320,2302,1.4047353267669678
clifford,16,0.32,5000,1000,698,4442,1278,3164,623,538,117,2070,1094,2169,1.1489448547363281
clifford,16,0.32,5000,1001,694,4320,1289,3031,628,532,129,1924,1107,2159,1.283043622970581
clifford,16,0.32,5000,1002,702,4158,1198,2960,600,495,103,1937,1023,2010,1.1266069412231445
clifford,16,0.36,5000,1000,683,4264,1246,3018,620,516,110,1933,1085,2094,1.2132134437561035
clifford,16,0.36,5000,1001,667,4096,1261,2835,604,535,122,1736,1099,1900,1.1955890655517578
clifford,16,0.36,5000,1002,684,3962,1255,2707,609,502,144,1688,1019,1853,1.156538724899292
clifford,16,0.4,5000,1000,661,3927,1228,2699,620,495,113,1741,958,1795,1.0256998538970947
clifford,16,0.4,5000,1001,651,3984,1230,2754,610,521,99,1726,1028,1843,1.1328961849212646
clifford,16,0.4,5000,1002,669,3768,1201,2567,605,497,99,1759,808,1680,0.9265177249908447
full,4,0.0,5000,1000,2622,25,13,12,0,4,9,9,3,17,0.6019811630249023
full,4,0.0,5000,1001,2615,21,13,8,0,6,7,6,2,11,0.4835073947906494
full,4,0.0,5000,1002,2583,18,12,6,0,3,9,4,2,10,0.4744892120361328
full,4,0.04,5000,1000,2576,655,353,302,161,159,33,253,49,495,0.5743160247802734
full,4,0.04,5000,1001,2567,686,362,324,176,168,18,289,35,511,0.519249439239502
full,4,0.04,5000,1002,2539,640,349,291,164,159,26,257,34,453,0.5569002628326416
full,4,0.08,5000,1000,2532,1101,601,500,288,270,43,438,62,782,0.6171634197235107
full,4,0.08,5000,1001,2533,1156,620,536,307,286,27,450,86,848,0.576002836227417
full,4,0.08,5000,1002,2496,1144,627,517,315,286,26,464,53,811,0.6954822540283203
full,4,0.12,5000,1000,2495,1335,729,606,364,337,28,528,78,909,0.6702291965484619
full,4,0.12,5000,1001,2484,1395,763,632,374,351,38,558,74,976,0.62912917137146
full,4,0.12,5000,1002,2454,1429,778,651,388,353,37,595,56,1006,0.6698298454284668
full,4,0.16,5000,1000,2443,1504,840,664,426,375,39,575,89,1043,0.6959798336029053
full,4,0.16,5000,1001,2442,1655,919,736,461,401,57,650,86,1192,0.6868324279785156
full,4,0.16,5000,1002,2411,1655,898,757,462,395,41,674,83,1143,0.6824712753295898
full,4,0.2,5000,1000,2409,1659,935,724,474,409,52,664,60,1133,0.6519770622253418
full,4,0.2,5000,1001,2380,1615,910,705,467,399,44,634,71,1099,0.7288846969604492
full,4,0.2,5000,1002,2385,1765,966,799,500,432,34,685,114,1185,0.7142112255096436
full,4,0.24,5000,1000,2379,1734,961,773,497,415,49,673,100,1173,0.685551643371582
full,4,0.24,5000,1001,2345,1703,940,763,497,408,35,675,88,1178,0.7092776298522949
full,4,0.24,5000,1002,2345,1807,1002,805,517,440,45,705,100,1265,0.7814311981201172
full,4,0.28,5000,1000,2307,1759,1004,755,526,428,50,665,90,1204,0.740058422088623
full,4,0.28,5000,1001,2309,1782,992,790,511,439,42,694,96,1212,0.6532196998596191
full,4,0.28,5000,1002,2324,1857,1036,821,543,439,54,708,113,1262,0.7563390731811523
full,4,0.32,5000,1000,2265,1891,1060,831,567,459,34,747,84,1287,0.7567183971405029
full,4,0.32,5000,1001,2258,1863,1058,805,552,455,51,721,84,1235,0.7663969993591309
full,4,0.32,5000,1002,2275,1827,1019,808,533,443,43,716,92,1276,0.721555233001709
full,4,0.36,5000,1000,2215,1804,1045,759,549,451,45,664,95,1205,0.6600074768066406
full,4,0.36,5000,1001,2207,1845,1044,801,556,442,46,712,89,1220,0.6983962059020996
full,4,0.36,5000,1002,2234,1887,1079,808,563,474,42,727,81,1264,0.6962172985076904
full,4,0.4,5000,1000,2188,1803,1001,802,525,433,43,713,89,1232,0.7300090789794922
full,4,0.4,5000,1001,2174,1884,1080,804,575,458,47,716,88,1265,0.7006030082702637
full,4,0.4,5000,1002,2178,1808,1015,793,544,436,35,701,92,1207,0.6583871841430664
full,8,0.0,5000,1000,1534,62,27,35,0,12,15,20,15,35,0.6113014221191406
full,8,0.0,5000,1001,1488,71,36,35,0,14,22,30,5,34,0.6567416191101074
full,8,0.0,5000,1002,1498,74,38,36,0,17,21,31,5,32,0.6696879863739014
full,8,0.04,5000,1000,1489,1076,389,687,158,170,61,475,212,700,0.9103870391845703
full,8,0.04,5000,1001,1479,1175,420,755,174,182,64,520,235,769,0.8170223236083984
full,8,0.04,5000,1002,1480,1150,408,742,166,172,70,487,255,806,0.9001872539520264
full,8,0.08,5000,1000,1456,1741,629,1112,285,282,62,789,323,1103,0.9344031810760498
full,8,0.08,5000,1001,1462,1869,690,1179,307,299,84,913,266,1183,0.912900447845459
full,8,0.08,5000,1002,1443,1763,647,1116,290,281,76,815,301,1114,0.9108767509460449
full,8,0.12,5000,1000,1422,2172,778,1394,352,342,84,1036,358,1335,0.9508225917816162
full,8,0.12,5000,1001,1420,2287,835,1452,394,368,73,1051,401,1407,0.9037587642669678
full,8,0.12,5000,1002,1408,2246,825,1421,385,368,72,1122,299,1333,0.9510459899902344
full,8,0.16,5000,1000,1391,2450,917,1533,443,402,72,1171,362,1455,0.856400728225708
full,8,0.16,5000,1001,1392,2557,957,1600,469,423,65,1247,353,1486,0.8920891284942627
full,8,0.16,5000,1002,1381,2491,933,1558,451,404,78,1249,309,1448,0.8870205879211426
full,8,0.2,5000,1000,1363,2619,996,1623,488,428,80,1290,333,1503,0.8522717952728271
full,8,0.2,5000,1001,1359,2828,1069,1759,523,460,86,1374,385,1621,0.8639285564422607
full,8,0.2,5000,1002,1365,2638,1013,1625,495,434,84,1269,356,1525,0.9719841480255127
full,8,0.24,5000,1000,1354,2735,1034,1701,503,440,91,1394,307,1538,0.8754301071166992
full,8,0.24,5000,1001,1339,2958,1134,1824,566,501,67,1452,372,1700,0.9667496681213379
full,8,0.24,5000,1002,1331,2739,1072,1667,533,461,78,1327,340,1543,0.8770585060119629
full,8,0.28,5000,1000,1315,2767,1068,1699,541,458,69,1338,361,1540,0.8020071983337402
full,8,0.28,5000,1001,1313,2943,1153,1790,593,475,85,1431,359,1611,0.8437750339508057
full,8,0.28,5000,1002,1320,2884,1111,1773,563,479,69,1433,340,1591,0.8121039867401123
full,8,0.32,5000,1000,1265,2730,1074,1656,555,454,65,1385,271,1485,0.7472820281982422
full,8,0.32,5000,1001,1262,2947,1161,1786,599,475,87,1469,317,1702,0.8242335319519043
full,8,0.32,5000,1002,1293,2685,1093,1592,563,476,54,1251,341,1505,0.754453182220459
full,8,0.36,5000,1000,1247,2792,1095,1697,561,459,75,1361,336,1552,0.8076686859130859
full,8,0.36,5000,1001,1240,2862,1138,1724,580,479,79,1374,350,1626,0.7893915176391602
full,8,0.36,5000,1002,1250,2748,1122,1626,579,483,60,1342,284,1497,0.771453857421875
full,8,0.4,5000,1000,1224,2714,1143,1571,590,464,89,1267,304,1485,0.8723030090332031
full,8,0.4,5000,1001,1220,2698,1085,1613,557,463,65,1316,297,1540,0.8145220279693604
full,8,0.4,5000,1002,1217,2712,1124,1588,569,471,84,1296,292,1505,0.7287170886993408
full,12,0.0,5000,1000,1070,135,41,94,0,19,22,55,39,73,1.1748816967010498
full,12,0.0,5000,1001,1053,144,42,102,0,22,20,66,36,72,1.030703067779541
full,12,0.0,5000,1002,1080,150,54,96,0,22,32,63,33,76,1.1302120685577393
full,12,0.04,5000,1000,1060,1755,499,1256,186,199,114,741,515,1093,1.8476908206939697
full,12,0.04,5000,1001,1027,1701,482,1219,177,197,108,672,547,1056,2.0580906867980957
full,12,0.04,5000,1002,1035,1622,448,1174,168,183,97,719,455,1004,1.9020452499389648
full,12,0.08,5000,1000,1036,2696,751,1945,325,321,105,1064,881,1570,1.4127442836761475
full,12,0.08,5000,1001,1018,2570,705,1865,298,298,109,1052,813,1671,1.5650789737701416
full,12,0.08,5000,1002,1006,2605,715,1890,291,305,119,1058,832,1554,2.2079617977142334
full,12,0.12,5000,1000,1029,3250,919,2331,418,397,104,1421,910,1845,1.297605276107788
full,12,0.12,5000,1001,987,3275,928,2347,424,409,95,1551,796,1835,1.3399152755737305
full,12,0.12,5000,1002,989,3206,926,2280,416,401,109,1549,731,1856,1.5371208190917969
full,12,0.16,5000,1000,1002,3535,1040,2495,488,441,111,1636,859,1913,1.4802980422973633
full,12,0.16,5000,1001,958,3574,1042,2532,490,459,93,1684,848,1895,1.4173078536987305
full,12,0.16,5000,1002,972,3619,1041,2578,497,458,86,1898,680,1932,1.3233497142791748
full,12,0.2,5000,1000,959,3718,1108,2610,558,470,80,2028,582,1995,1.0792052745819092
full,12,0.2,5000,1001,932,3653,1083,2570,517,467,99,1880,690,1915,1.0915570259094238
full,12,0.2,5000,1002,945,3682,1102,2580,529,472,101,1739,841,1983,1.1152620315551758
full,12,0.24,5000,1000,946,3762,1150,2612,575,498,77,1938,674,1981,1.2378132343292236
full,12,0.24,5000,1001,911,3669,1120,2549,551,476,93,1911,638,1951,1.0077595710754395
full,12,0.24,5000,1002,932,3758,1151,2607,560,485,106,1929,678,1920,1.2586109638214111
full,12,0.28,5000,1000,936,3827,1190,2637,594,506,90,1928,709,1949,1.2492866516113281
full,12,0.28,5000,1001,891,3759,1163,2596,576,498,89,1830,766,2023,1.2394132614135742
full,12,0.28,5000,1002,907,3726,1156,2570,584,491,81,1919,651,1862,1.0682389736175537
full,12,0.32,5000,1000,906,3650,1146,2504,599,466,81,1967,537,1804,1.0473988056182861
full,12,0.32,5000,1001,868,3676,1180,2496,599,508,73,1906,590,1775,1.0503053665161133
full,12,0.32,5000,1002,884,3692,1163,2529,594,496,73,1886,643,1819,1.060375452041626
full,12,0.36,5000,1000,881,3570,1142,2428,585,473,84,1845,583,1853,1.1063406467437744
full,12,0.36,5000,1001,838,3542,1159,2383,587,490,82,1829,554,1754,0.9720466136932373
full,12,0.36,5000,1002,860,3536,1166,2370,594,470,102,1903,467,1754,1.2716073989868164
full,12,0.4,5000,1000,871,3395,1117,2278,580,462,75,1720,558,1729,1.0616962909698486
full,12,0.4,5000,1001,815,3502,1164,2338,584,490,90,1786,552,1695,0.9675076007843018
full,12,0.4,5000,1002,848,3382,1106,2276,579,441,86,1718,558,1676,1.124988079071045
full,16,0.0,5000,1000,858,228,74,154,0,35,39,112,42,104,2.0693893432617188
full,16,0.0,5000,1001,825,237,71,166,0,30,41,72,94,110,1.6995973587036133
full,16,0.0,5000,1002,810,216,62,154,0,28,34,87,67,107,1.784153938293457
full,16,0.04,5000,1000,835,2137,504,1633,166,196,142,841,792,1213,6.085024118423462
full,16,0.04,5000,1001,807,2293,530,1763,185,205,140,857,906,1402,8.559133052825928
full,16,0.04,5000,1002,793,2303,527,1776,178,212,137,883,893,1384,6.326419830322266
full,16,0.08,5000,1000,830,3526,787,2739,324,331,132,1484,1255,1973,4.467814207077026
full,16,0.08,5000,1001,793,3446,756,2690,317,326,113,1488,1202,1924,7.064919471740723
full,16,0.08,5000,1002,789,3539,801,2738,318,335,148,1400,1338,1999,5.601700782775879
full,16,0.12,5000,1000,809,4033,916,3117,403,389,124,1809,1308,2160,4.021546840667725
full,16,0.12,5000,1001,776,4058,925,3133,413,408,104,1872,1261,2145,2.8076584339141846
full,16,0.12,5000,1002,775,3972,943,3029,398,391,154,1855,1174,2112,4.065984010696411
full,16,0.16,5000,1000,792,4384,1061,3323,493,462,106,2211,1112,2234,2.555896282196045
full,16,0.16,5000,1001,771,4306,1039,3267,470,442,127,2076,1191,2253,3.1167447566986084
full,16,0.16,5000,1002,758,4424,1053,3371,471,435,147,2114,1257,2385,3.788422107696533
full,16,0.2,5000,1000,775,4513,1113,3400,531,477,105,2289,1111,2264,1.9191968441009521
full,16,0.2,5000,1001,761,4500,1108,3392,521,468,119,2169,1223,2319,2.429813861846924
full,16,0.2,5000,1002,749,4571,1113,3458,535,471,107,2328,1130,2302,2.1662228107452393
full,16,0.24,5000,1000,762,4609,1163,3446,566,497,100,2435,1011,2208,1.7715742588043213
full,16,0.24,5000,1001,731,4725,1191,3534,576,511,104,2313,1221,2326,1.9331395626068115
full,16,0.24,5000,1002,739,4414,1129,3285,553,475,101,2295,990,2112,2.126117706298828
full,16,0.28,5000,1000,732,4645,1183,3462,579,508,96,2343,1119,2230,2.080064296722412
full,16,0.28,5000,1001,718,4580,1235,3345,601,520,114,2337,1008,2158,2.015059232711792
full,16,0.28,5000,1002,722,4544,1203,3341,589,497,117,2199,1142,2156,1.807542324066162
full,16,0.32,5000,1000,698,4588,1253,3335,623,528,102,2334,1001,2126,1.8636529445648193
full,16,0.32,5000,1001,694,4388,1247,3141,628,522,97,2280,861,2064,1.6636111736297607
full,16,0.32,5000,1002,702,4390,1193,3197,600,485,108,2320,877,2049,1.8785033226013184
full,16,0.36,5000,1000,683,4402,1208,3194,620,504,84,2458,736,2044,1.441788673400879
full,16,0.36,5000,1001,667,4328,1242,3086,604,521,117,2109,977,2074,1.7100634574890137
full,16,0.36,5000,1002,684,4356,1203,3153,609,489,105,2310,843,2086,1.618257999420166
full,16,0.4,5000,1000,661,4215,1209,3006,620,495,94,2267,739,1922,1.6826434135437012
full,16,0.4,5000,1001,651,4309,1206,3103,610,501,95,2150,953,2014,1.566223382949829
full,16,0.4,5000,1002,669,4215,1201,3014,605,483,113,2240,774,1905,1.6419634819030762
clifford_look,4,0.0,5000,1000,2622,25,13,12,0,4,9,9,3,17,0.7196657657623291
clifford_look,4,0.0,5000,1001,2615,21,13,8,0,6,7,6,2,11,0.6817150115966797
clifford_look,4,0.0,5000,1002,2583,18,12,6,0,3,9,4,2,10,0.5707955360412598
clifford_look,4,0.04,5000,1000,2576,658,353,305,161,153,39,261,44,480,8.81887173652649
clifford_look,4,0.04,5000,1001,2567,688,383,305,176,168,39,250,55,484,9.797147274017334
clifford_look,4,0.04,5000,1002,2539,658,350,308,164,155,31,258,50,463,4.692838907241821
clifford_look,4,0.08,5000,1000,2532,1127,616,511,288,266,62,443,68,819,8.966092109680176
clifford_look,4,0.08,5000,1001,2533,1196,638,558,307,286,45,466,92,841,8.652119636535645
clifford_look,4,0.08,5000,1002,2496,1195,656,539,315,289,52,460,79,834,8.061806917190552
clifford_look,4,0.12,5000,1000,2495,1379,747,632,364,331,52,508,124,959,9.6666419506073
clifford_look,4,0.12,5000,1001,2484,1440,786,654,380,349,57,555,99,1009,8.600988149642944
clifford_look,4,0.12,5000,1002,2454,1502,814,688,390,359,65,586,102,1053,10.687142133712769
clifford_look,4,0.16,5000,1000,2443,1551,862,689,426,371,65,602,87,1073,11.351938962936401
clifford_look,4,0.16,5000,1001,2442,1721,941,780,465,405,71,653,127,1164,7.530030965805054
clifford_look,4,0.16,5000,1002,2411,1690,932,758,464,397,71,643,115,1167,13.121998071670532
clifford_look,4,0.2,5000,1000,2409,1697,942,755,476,413,53,615,140,1153,8.892412900924683
clifford_look,4,0.2,5000,1001,2380,1693,956,737,471,411,74,624,113,1144,8.599744081497192
clifford_look,4,0.2,5000,1002,2385,1802,991,811,500,427,64,679,132,1220,13.131764650344849
clifford_look,4,0.24,5000,1000,2379,1792,993,799,499,417,77,651,148,1222,10.340298891067505
clifford_look,4,0.24,5000,1001,2345,1772,989,783,499,412,78,654,129,1201,11.675487041473389
clifford_look,4,0.24,5000,1002,2345,1859,1033,826,521,442,70,703,123,1279,13.059581756591797
clifford_look,4,0.28,5000,1000,2307,1820,1044,776,530,438,76,629,147,1224,9.071237802505493
clifford_look,4,0.28,5000,1001,2309,1807,995,812,513,429,53,655,157,1244,9.687243223190308
clifford_look,4,0.28,5000,1002,2324,1934,1097,837,549,453,95,671,166,1300,14.268024444580078
clifford_look,4,0.32,5000,1000,2265,1929,1099,830,569,469,61,691,139,1281,7.754862308502197
clifford_look,4,0.32,5000,1001,2258,1914,1073,841,560,455,58,684,157,1263,6.853858709335327
clifford_look,4,0.32,5000,1002,2275,1900,1061,839,543,451,67,707,132,1293,10.883712530136108
clifford_look,4,0.36,5000,1000,2215,1843,1051,792,555,443,53,660,132,1227,11.42734169960022
clifford_look,4,0.36,5000,1001,2207,1885,1076,809,564,452,60,672,137,1254,5.625876188278198
clifford_look,4,0.36,5000,1002,2234,1916,1105,811,565,472,68,660,151,1271,7.874661445617676
clifford_look,4,0.4,5000,1000,2188,1828,1023,805,529,431,63,659,146,1239,13.126937866210938
clifford_look,4,0.4,5000,1001,2174,1897,1098,799,579,457,62,675,124,1262,6.8612060546875
clifford_look,4,0.4,5000,1002,2178,1824,1053,771,548,450,55,617,154,1191,8.01679539680481
clifford_look,8,0.0,5000,1000,1534,62,27,35,0,12,15,20,15,35,0.8012509346008301
clifford_look,8,0.0,5000,1001,1488,71,36,35,0,14,22,30,5,34,0.9473147392272949
clifford_look,8,0.0,5000,1002,1498,65,27,38,0,14,13,27,11,30,0.9319043159484863
clifford_look,8,0.04,5000,1000,1489,1083,401,682,158,169,74,454,228,717,183.71382856369019
clifford_look,8,0.04,5000,1001,1479,1181,412,769,174,180,58,524,245,793,243.77494621276855
clifford_look,8,0.04,5000,1002,1480,1128,404,724,166,173,65,482,242,719,265.80913949012756
clifford_look,8,0.08,5000,1000,1456,1794,662,1132,285,284,93,797,335,1106,554.7597377300262
clifford_look,8,0.08,5000,1001,1462,1950,718,1232,307,303,108,894,338,1240,618.6892628669739
clifford_look,8,0.08,5000,1002,1443,1820,667,1153,290,287,90,795,358,1150,553.6596164703369
clifford_look,8,0.12,5000,1000,1422,2240,838,1402,352,340,146,989,413,1283,999.4850053787231
clifford_look,8,0.12,5000,1001,1420,2333,870,1463,396,368,106,1067,396,1376,1071.8836283683777
clifford_look,8,0.12,5000,1002,1408,2308,826,1482,387,376,63,1107,375,1411,865.8100297451019
clifford_look,8,0.16,5000,1000,1391,2536,965,1571,445,406,114,1149,422,1400,843.8035480976105
clifford_look,8,0.16,5000,1001,1392,2629,1009,1620,469,426,114,1165,455,1438,1053.7874631881714
clifford_look,8,0.16,5000,1002,1381,2538,988,1550,453,404,131,1133,417,1384,1173.6918597221375
clifford_look,8,0.2,5000,1000,1363,2702,1046,1656,490,422,134,1153,503,1442,1092.3715925216675
clifford_look,8,0.2,5000,1001,1359,2887,1127,1760,525,463,139,1302,458,1619,1563.2543914318085
clifford_look,8,0.2,5000,1002,1365,2740,1056,1684,499,438,119,1277,407,1519,1761.3827965259552
clifford_look,8,0.24,5000,1000,1354,2825,1117,1708,505,448,164,1181,527,1539,1528.9993941783905
clifford_look,8,0.24,5000,1001,1339,2952,1184,1768,568,504,112,1290,478,1613,901.5103273391724
clifford_look,8,0.24,5000,1002,1331,2774,1134,1640,533,461,140,1231,409,1500,1376.8962960243225
clifford_look,8,0.28,5000,1000,1315,2885,1138,1747,541,462,135,1256,491,1594,1708.9816784858704
clifford_look,8,0.28,5000,1001,1313,2897,1189,1708,595,481,113,1250,458,1493,999.5595636367798
clifford_look,8,0.28,5000,1002,1320,2881,1156,1725,565,476,115,1264,461,1559,1543.046685218811
clifford_look,8,0.32,5000,1000,1265,2745,1130,1615,557,472,101,1168,447,1429,815.6179881095886
clifford_look,8,0.32,5000,1001,1262,2903,1216,1687,599,491,126,1188,499,1542,722.0511357784271
clifford_look,8,0.32,5000,1002,1293,2703,1150,1553,563,465,122,1121,432,1410,1140.8907227516174
clifford_look,8,0.36,5000,1000,1247,2733,1137,1596,565,466,106,1112,484,1456,1138.3413660526276
clifford_look,8,0.36,5000,1001,1240,2843,1180,1663,582,480,118,1247,416,1498,863.0463151931763
clifford_look,8,0.36,5000,1002,1250,2719,1166,1553,581,489,96,1113,440,1455,913.6918878555298
clifford_look,8,0.4,5000,1000,1224,2703,1177,1526,594,477,106,1097,429,1354,664.2107636928558
clifford_look,8,0.4,5000,1001,1220,2742,1150,1592,557,471,122,1174,418,1421,1452.100233078003
clifford_look,8,0.4,5000,1002,1217,2696,1169,1527,571,483,115,1103,424,1427,1028.4997336864471
clifford_look,12,0.0,5000,1000,1070,129,41,88,0,18,23,59,29,64,1.257054090499878
clifford_look,12,0.0,5000,1001,1053,157,60,97,0,24,36,55,42,61,1.1252415180206299
clifford_look,12,0.0,5000,1002,1080,140,53,87,0,21,32,55,32,69,1.262364149093628
clifford_look,12,0.04,5000,1000,1060,1759,517,1242,186,200,131,693,549,1068,509.9282693862915
clifford_look,12,0.04,5000,1001,1027,1698,487,1211,177,191,119,699,512,1028,645.1055970191956
clifford_look,12,0.04,5000,1002,1035,1652,456,1196,168,180,108,734,462,1026,807.5523982048035
clifford_look,12,0.08,5000,1000,1036,2802,770,2032,325,321,124,1211,821,1613,1148.357824087143
clifford_look,12,0.08,5000,1001,1018,2617,722,1895,298,298,126,1104,791,1598,1292.8652124404907
clifford_look,12,0.08,5000,1002,1006,2611,716,1895,291,300,125,1050,845,1594,1615.9942846298218
clifford_look,12,0.12,5000,1000,1029,3374,1015,2359,418,394,203,1450,909,1812,1764.2519636154175
clifford_look,12,0.12,5000,1001,987,3325,967,2358,424,405,138,1502,856,1711,2072.616639614105
clifford_look,12,0.12,5000,1002,989,3374,931,2443,416,401,114,1544,899,1949,2121.453665494919
clifford_look,12,0.16,5000,1000,1002,3721,1141,2580,488,449,204,1670,910,1895,2395.674831867218
clifford_look,12,0.16,5000,1001,958,3585,1093,2492,490,451,152,1554,938,1791,2733.52210354805
clifford_look,12,0.16,5000,1002,972,3631,1071,2560,499,455,117,1614,946,1897,3187.9194283485413
clifford_look,12,0.2,5000,1000,959,3661,1175,2486,558,480,137,1658,828,1756,1718.1192626953125
clifford_look,12,0.2,5000,1001,932,3710,1165,2545,517,464,184,1665,880,1814,2850.429364681244
clifford_look,12,0.2,5000,1002,945,3699,1161,2538,529,478,154,1549,989,1780,2698.321261405945
clifford_look,12,0.24,5000,1000,946,3610,1221,2389,577,496,148,1599,790,1718,1971.016921043396
clifford_look,12,0.24,5000,1001,911,3640,1186,2454,551,482,153,1682,772,1727,2456.6637670993805
clifford_look,12,0.24,5000,1002,932,3639,1223,2416,560,492,171,1671,745,1723,2604.983860731125
clifford_look,12,0.28,5000,1000,936,3698,1267,2431,594,506,167,1687,744,1776,1808.9072103500366
clifford_look,12,0.28,5000,1001,891,3665,1235,2430,576,503,156,1725,705,1723,2783.6275160312653
clifford_look,12,0.28,5000,1002,907,3706,1240,2466,584,491,165,1642,824,1783,2561.0607573986053
clifford_look,12,0.32,5000,1000,906,3453,1223,2230,599,480,144,1517,713,1619,2691.4378056526184
clifford_look,12,0.32,5000,1001,868,3540,1241,2299,599,513,129,1518,781,1645,1733.5050802230835
clifford_look,12,0.32,5000,1002,884,3589,1238,2351,596,492,150,1627,724,1709,2586.004648208618
clifford_look,12,0.36,5000,1000,881,3372,1213,2159,585,479,149,1444,715,1556,2970.4575567245483
clifford_look,12,0.36,5000,1001,838,3280,1219,2061,587,492,140,1486,575,1448,1655.566376209259
clifford_look,12,0.36,5000,1002,860,3391,1192,2199,594,480,118,1501,698,1572,2275.4444324970245
clifford_look,12,0.4,5000,1000,871,3164,1177,1987,580,464,133,1337,650,1418,2521.178160429001
clifford_look,12,0.4,5000,1001,815,3280,1231,2049,584,509,138,1356,693,1450,2375.892346382141
clifford_look,12,0.4,5000,1002,848,3297,1187,2110,581,455,151,1395,715,1539,2739.2467415332794
