optimize_name,data_name,qubit,input_gates,p_t,seed,gates_aft,one-qubit_gates,two-qubit_gates,edge count,spider count,0,5,10,15,20,25,30,35,40,45,50,55,60,65,70,75,80,85,90,95,100,105,110,115,120,125,130,135,140,145,150,155,160,165,170,175,180,185,190,195,200,205
clifford_simp_not_post_basic,q4_gates10000_pt0_seeds1000,4,10000,0,1000,26,18,8,20,15,12,3,0,0,0,0,0,0,0,0,0,0,0,0,0,0,0,0,0,0,0,0,0,0,0,0,0,0,0,0,0,0,0,0,0,0,0,0,0,0,0,0
clifford_simp_not_post_basic,q4_gates10000_pt0_seeds1001,4,10000,0,1001,30,19,11,24,16,9,7,0,0,0,0,0,0,0,0,0,0,0,0,0,0,0,0,0,0,0,0,0,0,0,0,0,0,0,0,0,0,0,0,0,0,0,0,0,0,0,0
clifford_simp_not_post_basic,q4_gates10000_pt0_seeds1002,4,10000,0,1002,25,16,9,21,16,13,3,0,0,0,0,0,0,0,0,0,0,0,0,0,0,0,0,0,0,0,0,0,0,0,0,0,0,0,0,0,0,0,0,0,0,0,0,0,0,0,0
clifford_simp_not_post_basic,q4_gates10000_pt0_seeds1003,4,10000,0,1003,23,15,8,19,15,12,3,0,0,0,0,0,0,0,0,0,0,0,0,0,0,0,0,0,0,0,0,0,0,0,0,0,0,0,0,0,0,0,0,0,0,0,0,0,0,0,0
clifford_simp_not_post_basic,q4_gates10000_pt0_seeds1004,4,10000,0,1004,21,14,7,20,15,11,4,0,0,0,0,0,0,0,0,0,0,0,0,0,0,0,0,0,0,0,0,0,0,0,0,0,0,0,0,0,0,0,0,0,0,0,0,0,0,0,0
clifford_simp_not_post_basic,q4_gates10000_pt0_seeds1005,4,10000,0,1005,23,14,9,23,16,11,5,0,0,0,0,0,0,0,0,0,0,0,0,0,0,0,0,0,0,0,0,0,0,0,0,0,0,0,0,0,0,0,0,0,0,0,0,0,0,0,0
clifford_simp_not_post_basic,q4_gates10000_pt0_seeds1006,4,10000,0,1006,29,17,12,24,16,11,5,0,0,0,0,0,0,0,0,0,0,0,0,0,0,0,0,0,0,0,0,0,0,0,0,0,0,0,0,0,0,0,0,0,0,0,0,0,0,0,0
clifford_simp_not_post_basic,q4_gates10000_pt0_seeds1007,4,10000,0,1007,29,17,12,24,16,10,6,0,0,0,0,0,0,0,0,0,0,0,0,0,0,0,0,0,0,0,0,0,0,0,0,0,0,0,0,0,0,0,0,0,0,0,0,0,0,0,0
clifford_simp_not_post_basic,q4_gates10000_pt0_seeds1008,4,10000,0,1008,25,16,9,21,16,14,2,0,0,0,0,0,0,0,0,0,0,0,0,0,0,0,0,0,0,0,0,0,0,0,0,0,0,0,0,0,0,0,0,0,0,0,0,0,0,0,0
clifford_simp_not_post_basic,q4_gates10000_pt0_seeds1009,4,10000,0,1009,29,20,9,21,16,13,3,0,0,0,0,0,0,0,0,0,0,0,0,0,0,0,0,0,0,0,0,0,0,0,0,0,0,0,0,0,0,0,0,0,0,0,0,0,0,0,0
clifford_simp_not_post_basic,q4_gates10000_pt0.04_seeds1000,4,10000,0.04,1000,1403,726,677,1802,376,70,132,105,53,14,2,0,0,0,0,0,0,0,0,0,0,0,0,0,0,0,0,0,0,0,0,0,0,0,0,0,0,0,0,0,0,0,0,0,0,0,0
clifford_simp_not_post_basic,q4_gates10000_pt0.04_seeds1001,4,10000,0.04,1001,1500,752,748,2491,396,60,127,78,51,31,21,21,6,1,0,0,0,0,0,0,0,0,0,0,0,0,0,0,0,0,0,0,0,0,0,0,0,0,0,0,0,0,0,0,0,0,0
clifford_simp_not_post_basic,q4_gates10000_pt0.04_seeds1002,4,10000,0.04,1002,1463,748,715,1782,392,81,147,114,31,14,5,0,0,0,0,0,0,0,0,0,0,0,0,0,0,0,0,0,0,0,0,0,0,0,0,0,0,0,0,0,0,0,0,0,0,0,0
clifford_simp_not_post_basic,q4_gates10000_pt0.04_seeds1003,4,10000,0.04,1003,1361,701,660,1505,368,81,167,87,28,5,0,0,0,0,0,0,0,0,0,0,0,0,0,0,0,0,0,0,0,0,0,0,0,0,0,0,0,0,0,0,0,0,0,0,0,0,0
clifford_simp_not_post_basic,q4_gates10000_pt0.04_seeds1004,4,10000,0.04,1004,1433,729,704,1993,383,58,135,98,60,25,7,0,0,0,0,0,0,0,0,0,0,0,0,0,0,0,0,0,0,0,0,0,0,0,0,0,0,0,0,0,0,0,0,0,0,0,0
clifford_simp_not_post_basic,q4_gates10000_pt0.04_seeds1005,4,10000,0.04,1005,1432,725,707,1770,382,65,162,100,39,10,4,2,0,0,0,0,0,0,0,0,0,0,0,0,0,0,0,0,0,0,0,0,0,0,0,0,0,0,0,0,0,0,0,0,0,0,0
clifford_simp_not_post_basic,q4_gates10000_pt0.04_seeds1006,4,10000,0.04,1006,1430,739,691,1795,382,68,143,100,62,8,1,0,0,0,0,0,0,0,0,0,0,0,0,0,0,0,0,0,0,0,0,0,0,0,0,0,0,0,0,0,0,0,0,0,0,0,0
clifford_simp_not_post_basic,q4_gates10000_pt0.04_seeds1007,4,10000,0.04,1007,1457,742,715,1704,388,77,163,92,42,12,2,0,0,0,0,0,0,0,0,0,0,0,0,0,0,0,0,0,0,0,0,0,0,0,0,0,0,0,0,0,0,0,0,0,0,0,0
clifford_simp_not_post_basic,q4_gates10000_pt0.04_seeds1008,4,10000,0.04,1008,1309,675,634,1537,352,55,157,100,32,7,1,0,0,0,0,0,0,0,0,0,0,0,0,0,0,0,0,0,0,0,0,0,0,0,0,0,0,0,0,0,0,0,0,0,0,0,0
clifford_simp_not_post_basic,q4_gates10000_pt0.04_seeds1009,4,10000,0.04,1009,1337,693,644,1552,362,70,165,90,25,8,3,1,0,0,0,0,0,0,0,0,0,0,0,0,0,0,0,0,0,0,0,0,0,0,0,0,0,0,0,0,0,0,0,0,0,0,0
clifford_simp_not_post_basic,q4_gates10000_pt0.08_seeds1000,4,10000,0.08,1000,2415,1257,1158,2812,660,142,303,130,52,29,2,1,1,0,0,0,0,0,0,0,0,0,0,0,0,0,0,0,0,0,0,0,0,0,0,0,0,0,0,0,0,0,0,0,0,0,0
clifford_simp_not_post_basic,q4_gates10000_pt0.08_seeds1001,4,10000,0.08,1001,2563,1319,1244,2677,693,162,335,152,40,4,0,0,0,0,0,0,0,0,0,0,0,0,0,0,0,0,0,0,0,0,0,0,0,0,0,0,0,0,0,0,0,0,0,0,0,0,0
clifford_simp_not_post_basic,q4_gates10000_pt0.08_seeds1002,4,10000,0.08,1002,2565,1337,1228,2704,705,149,377,133,39,7,0,0,0,0,0,0,0,0,0,0,0,0,0,0,0,0,0,0,0,0,0,0,0,0,0,0,0,0,0,0,0,0,0,0,0,0,0
clifford_simp_not_post_basic,q4_gates10000_pt0.08_seeds1003,4,10000,0.08,1003,2369,1212,1157,2570,634,124,314,149,35,10,2,0,0,0,0,0,0,0,0,0,0,0,0,0,0,0,0,0,0,0,0,0,0,0,0,0,0,0,0,0,0,0,0,0,0,0,0
clifford_simp_not_post_basic,q4_gates10000_pt0.08_seeds1004,4,10000,0.08,1004,2443,1271,1172,2564,663,146,320,159,32,6,0,0,0,0,0,0,0,0,0,0,0,0,0,0,0,0,0,0,0,0,0,0,0,0,0,0,0,0,0,0,0,0,0,0,0,0,0
clifford_simp_not_post_basic,q4_gates10000_pt0.08_seeds1005,4,10000,0.08,1005,2443,1262,1181,2802,661,147,295,139,52,19,7,1,1,0,0,0,0,0,0,0,0,0,0,0,0,0,0,0,0,0,0,0,0,0,0,0,0,0,0,0,0,0,0,0,0,0,0
clifford_simp_not_post_basic,q4_gates10000_pt0.08_seeds1006,4,10000,0.08,1006,2453,1281,1172,2615,671,159,323,134,46,8,0,1,0,0,0,0,0,0,0,0,0,0,0,0,0,0,0,0,0,0,0,0,0,0,0,0,0,0,0,0,0,0,0,0,0,0,0
clifford_simp_not_post_basic,q4_gates10000_pt0.08_seeds1007,4,10000,0.08,1007,2359,1238,1121,2444,649,159,321,126,31,11,1,0,0,0,0,0,0,0,0,0,0,0,0,0,0,0,0,0,0,0,0,0,0,0,0,0,0,0,0,0,0,0,0,0,0,0,0
clifford_simp_not_post_basic,q4_gates10000_pt0.08_seeds1008,4,10000,0.08,1008,2396,1276,1120,2525,666,154,334,136,38,4,0,0,0,0,0,0,0,0,0,0,0,0,0,0,0,0,0,0,0,0,0,0,0,0,0,0,0,0,0,0,0,0,0,0,0,0,0
clifford_simp_not_post_basic,q4_gates10000_pt0.08_seeds1009,4,10000,0.08,1009,2441,1248,1193,2734,650,138,293,154,56,7,2,0,0,0,0,0,0,0,0,0,0,0,0,0,0,0,0,0,0,0,0,0,0,0,0,0,0,0,0,0,0,0,0,0,0,0,0
clifford_simp_not_post_basic,q4_gates10000_pt0.12_seeds1000,4,10000,0.12,1000,3053,1599,1454,3239,842,212,395,173,46,12,4,0,0,0,0,0,0,0,0,0,0,0,0,0,0,0,0,0,0,0,0,0,0,0,0,0,0,0,0,0,0,0,0,0,0,0,0
clifford_simp_not_post_basic,q4_gates10000_pt0.12_seeds1001,4,10000,0.12,1001,3269,1717,1552,3114,908,240,488,152,26,2,0,0,0,0,0,0,0,0,0,0,0,0,0,0,0,0,0,0,0,0,0,0,0,0,0,0,0,0,0,0,0,0,0,0,0,0,0
clifford_simp_not_post_basic,q4_gates10000_pt0.12_seeds1002,4,10000,0.12,1002,3192,1661,1531,3456,875,217,396,184,59,17,2,0,0,0,0,0,0,0,0,0,0,0,0,0,0,0,0,0,0,0,0,0,0,0,0,0,0,0,0,0,0,0,0,0,0,0,0
clifford_simp_not_post_basic,q4_gates10000_pt0.12_seeds1003,4,10000,0.12,1003,3145,1659,1486,3151,873,238,427,152,50,6,0,0,0,0,0,0,0,0,0,0,0,0,0,0,0,0,0,0,0,0,0,0,0,0,0,0,0,0,0,0,0,0,0,0,0,0,0
clifford_simp_not_post_basic,q4_gates10000_pt0.12_seeds1004,4,10000,0.12,1004,3218,1690,1528,3055,891,240,454,179,16,2,0,0,0,0,0,0,0,0,0,0,0,0,0,0,0,0,0,0,0,0,0,0,0,0,0,0,0,0,0,0,0,0,0,0,0,0,0
clifford_simp_not_post_basic,q4_gates10000_pt0.12_seeds1005,4,10000,0.12,1005,3119,1658,1461,3282,876,233,416,162,52,12,1,0,0,0,0,0,0,0,0,0,0,0,0,0,0,0,0,0,0,0,0,0,0,0,0,0,0,0,0,0,0,0,0,0,0,0,0
clifford_simp_not_post_basic,q4_gates10000_pt0.12_seeds1006,4,10000,0.12,1006,3120,1647,1473,3149,870,239,425,169,30,6,1,0,0,0,0,0,0,0,0,0,0,0,0,0,0,0,0,0,0,0,0,0,0,0,0,0,0,0,0,0,0,0,0,0,0,0,0
clifford_simp_not_post_basic,q4_gates10000_pt0.12_seeds1007,4,10000,0.12,1007,3156,1674,1482,3104,894,244,476,137,35,1,1,0,0,0,0,0,0,0,0,0,0,0,0,0,0,0,0,0,0,0,0,0,0,0,0,0,0,0,0,0,0,0,0,0,0,0,0
clifford_simp_not_post_basic,q4_gates10000_pt0.12_seeds1008,4,10000,0.12,1008,3155,1676,1479,3131,883,252,431,157,40,3,0,0,0,0,0,0,0,0,0,0,0,0,0,0,0,0,0,0,0,0,0,0,0,0,0,0,0,0,0,0,0,0,0,0,0,0,0
clifford_simp_not_post_basic,q4_gates10000_pt0.12_seeds1009,4,10000,0.12,1009,3111,1632,1479,3249,858,187,464,146,48,11,2,0,0,0,0,0,0,0,0,0,0,0,0,0,0,0,0,0,0,0,0,0,0,0,0,0,0,0,0,0,0,0,0,0,0,0,0
clifford_simp_not_post_basic,q4_gates10000_pt0.16_seeds1000,4,10000,0.16,1000,3620,1944,1676,3693,1028,308,471,187,48,13,0,1,0,0,0,0,0,0,0,0,0,0,0,0,0,0,0,0,0,0,0,0,0,0,0,0,0,0,0,0,0,0,0,0,0,0,0
clifford_simp_not_post_basic,q4_gates10000_pt0.16_seeds1001,4,10000,0.16,1001,3867,2082,1785,3649,1109,330,588,157,30,4,0,0,0,0,0,0,0,0,0,0,0,0,0,0,0,0,0,0,0,0,0,0,0,0,0,0,0,0,0,0,0,0,0,0,0,0,0
clifford_simp_not_post_basic,q4_gates10000_pt0.16_seeds1002,4,10000,0.16,1002,3710,1991,1719,3578,1059,321,531,170,29,8,0,0,0,0,0,0,0,0,0,0,0,0,0,0,0,0,0,0,0,0,0,0,0,0,0,0,0,0,0,0,0,0,0,0,0,0,0
clifford_simp_not_post_basic,q4_gates10000_pt0.16_seeds1003,4,10000,0.16,1003,3693,1978,1715,3440,1058,329,533,176,19,1,0,0,0,0,0,0,0,0,0,0,0,0,0,0,0,0,0,0,0,0,0,0,0,0,0,0,0,0,0,0,0,0,0,0,0,0,0
clifford_simp_not_post_basic,q4_gates10000_pt0.16_seeds1004,4,10000,0.16,1004,3788,2022,1766,3472,1072,342,552,157,19,2,0,0,0,0,0,0,0,0,0,0,0,0,0,0,0,0,0,0,0,0,0,0,0,0,0,0,0,0,0,0,0,0,0,0,0,0,0
clifford_simp_not_post_basic,q4_gates10000_pt0.16_seeds1005,4,10000,0.16,1005,3545,1911,1634,3309,1017,326,519,143,27,2,0,0,0,0,0,0,0,0,0,0,0,0,0,0,0,0,0,0,0,0,0,0,0,0,0,0,0,0,0,0,0,0,0,0,0,0,0
clifford_simp_not_post_basic,q4_gates10000_pt0.16_seeds1006,4,10000,0.16,1006,3687,1996,1691,3464,1067,340,557,143,25,2,0,0,0,0,0,0,0,0,0,0,0,0,0,0,0,0,0,0,0,0,0,0,0,0,0,0,0,0,0,0,0,0,0,0,0,0,0
clifford_simp_not_post_basic,q4_gates10000_pt0.16_seeds1007,4,10000,0.16,1007,3663,1947,1716,3550,1041,327,515,160,21,15,3,0,0,0,0,0,0,0,0,0,0,0,0,0,0,0,0,0,0,0,0,0,0,0,0,0,0,0,0,0,0,0,0,0,0,0,0
clifford_simp_not_post_basic,q4_gates10000_pt0.16_seeds1008,4,10000,0.16,1008,3552,1901,1651,3438,1005,323,465,172,39,5,1,0,0,0,0,0,0,0,0,0,0,0,0,0,0,0,0,0,0,0,0,0,0,0,0,0,0,0,0,0,0,0,0,0,0,0,0
clifford_simp_not_post_basic,q4_gates10000_pt0.16_seeds1009,4,10000,0.16,1009,3705,1958,1747,3602,1046,298,533,165,45,5,0,0,0,0,0,0,0,0,0,0,0,0,0,0,0,0,0,0,0,0,0,0,0,0,0,0,0,0,0,0,0,0,0,0,0,0,0
clifford_simp_not_post_basic,q4_gates10000_pt0.2_seeds1000,4,10000,0.2,1000,3938,2126,1812,3914,1130,372,529,156,57,13,3,0,0,0,0,0,0,0,0,0,0,0,0,0,0,0,0,0,0,0,0,0,0,0,0,0,0,0,0,0,0,0,0,0,0,0,0
clifford_simp_not_post_basic,q4_gates10000_pt0.2_seeds1001,4,10000,0.2,1001,3956,2169,1787,3641,1155,416,556,157,24,2,0,0,0,0,0,0,0,0,0,0,0,0,0,0,0,0,0,0,0,0,0,0,0,0,0,0,0,0,0,0,0,0,0,0,0,0,0
clifford_simp_not_post_basic,q4_gates10000_pt0.2_seeds1002,4,10000,0.2,1002,3890,2112,1778,3675,1126,352,582,156,34,1,1,0,0,0,0,0,0,0,0,0,0,0,0,0,0,0,0,0,0,0,0,0,0,0,0,0,0,0,0,0,0,0,0,0,0,0,0
clifford_simp_not_post_basic,q4_gates10000_pt0.2_seeds1003,4,10000,0.2,1003,4112,2231,1881,3705,1191,405,602,163,20,1,0,0,0,0,0,0,0,0,0,0,0,0,0,0,0,0,0,0,0,0,0,0,0,0,0,0,0,0,0,0,0,0,0,0,0,0,0
clifford_simp_not_post_basic,q4_gates10000_pt0.2_seeds1004,4,10000,0.2,1004,4033,2209,1824,3744,1189,431,564,170,22,2,0,0,0,0,0,0,0,0,0,0,0,0,0,0,0,0,0,0,0,0,0,0,0,0,0,0,0,0,0,0,0,0,0,0,0,0,0
clifford_simp_not_post_basic,q4_gates10000_pt0.2_seeds1005,4,10000,0.2,1005,3919,2129,1790,3700,1143,405,542,157,36,3,0,0,0,0,0,0,0,0,0,0,0,0,0,0,0,0,0,0,0,0,0,0,0,0,0,0,0,0,0,0,0,0,0,0,0,0,0
clifford_simp_not_post_basic,q4_gates10000_pt0.2_seeds1006,4,10000,0.2,1006,3984,2168,1816,3727,1161,400,555,174,30,2,0,0,0,0,0,0,0,0,0,0,0,0,0,0,0,0,0,0,0,0,0,0,0,0,0,0,0,0,0,0,0,0,0,0,0,0,0
clifford_simp_not_post_basic,q4_gates10000_pt0.2_seeds1007,4,10000,0.2,1007,4006,2150,1856,3999,1147,378,513,190,44,19,3,0,0,0,0,0,0,0,0,0,0,0,0,0,0,0,0,0,0,0,0,0,0,0,0,0,0,0,0,0,0,0,0,0,0,0,0
clifford_simp_not_post_basic,q4_gates10000_pt0.2_seeds1008,4,10000,0.2,1008,3996,2194,1802,3576,1173,425,583,154,11,0,0,0,0,0,0,0,0,0,0,0,0,0,0,0,0,0,0,0,0,0,0,0,0,0,0,0,0,0,0,0,0,0,0,0,0,0,0
clifford_simp_not_post_basic,q4_gates10000_pt0.2_seeds1009,4,10000,0.2,1009,4121,2219,1902,3808,1197,419,576,175,24,3,0,0,0,0,0,0,0,0,0,0,0,0,0,0,0,0,0,0,0,0,0,0,0,0,0,0,0,0,0,0,0,0,0,0,0,0,0
clifford_simp_not_post_basic,q4_gates10000_pt0.4_seeds1000,4,10000,0.4,1000,4319,2438,1881,3756,1329,579,607,127,15,1,0,0,0,0,0,0,0,0,0,0,0,0,0,0,0,0,0,0,0,0,0,0,0,0,0,0,0,0,0,0,0,0,0,0,0,0,0
clifford_simp_not_post_basic,q4_gates10000_pt0.4_seeds1001,4,10000,0.4,1001,4356,2508,1848,3744,1377,668,564,130,11,4,0,0,0,0,0,0,0,0,0,0,0,0,0,0,0,0,0,0,0,0,0,0,0,0,0,0,0,0,0,0,0,0,0,0,0,0,0
clifford_simp_not_post_basic,q4_gates10000_pt0.4_seeds1002,4,10000,0.4,1002,4295,2501,1794,3699,1369,657,567,137,8,0,0,0,0,0,0,0,0,0,0,0,0,0,0,0,0,0,0,0,0,0,0,0,0,0,0,0,0,0,0,0,0,0,0,0,0,0,0
clifford_simp_not_post_basic,q4_gates10000_pt0.4_seeds1003,4,10000,0.4,1003,4511,2619,1892,3837,1448,706,609,115,17,1,0,0,0,0,0,0,0,0,0,0,0,0,0,0,0,0,0,0,0,0,0,0,0,0,0,0,0,0,0,0,0,0,0,0,0,0,0
clifford_simp_not_post_basic,q4_gates10000_pt0.4_seeds1004,4,10000,0.4,1004,4319,2497,1822,3667,1357,627,606,113,10,1,0,0,0,0,0,0,0,0,0,0,0,0,0,0,0,0,0,0,0,0,0,0,0,0,0,0,0,0,0,0,0,0,0,0,0,0,0
clifford_simp_not_post_basic,q4_gates10000_pt0.4_seeds1005,4,10000,0.4,1005,4361,2519,1842,3715,1372,655,581,124,12,0,0,0,0,0,0,0,0,0,0,0,0,0,0,0,0,0,0,0,0,0,0,0,0,0,0,0,0,0,0,0,0,0,0,0,0,0,0
clifford_simp_not_post_basic,q4_gates10000_pt0.4_seeds1006,4,10000,0.4,1006,4594,2668,1926,3979,1481,709,607,145,17,3,0,0,0,0,0,0,0,0,0,0,0,0,0,0,0,0,0,0,0,0,0,0,0,0,0,0,0,0,0,0,0,0,0,0,0,0,0
clifford_simp_not_post_basic,q4_gates10000_pt0.4_seeds1007,4,10000,0.4,1007,4546,2616,1930,3889,1439,681,616,132,10,0,0,0,0,0,0,0,0,0,0,0,0,0,0,0,0,0,0,0,0,0,0,0,0,0,0,0,0,0,0,0,0,0,0,0,0,0,0
clifford_simp_not_post_basic,q4_gates10000_pt0.4_seeds1008,4,10000,0.4,1008,4437,2545,1892,3791,1395,642,621,116,16,0,0,0,0,0,0,0,0,0,0,0,0,0,0,0,0,0,0,0,0,0,0,0,0,0,0,0,0,0,0,0,0,0,0,0,0,0,0
clifford_simp_not_post_basic,q4_gates10000_pt0.4_seeds1009,4,10000,0.4,1009,4528,2586,1942,3939,1437,670,617,135,11,4,0,0,0,0,0,0,0,0,0,0,0,0,0,0,0,0,0,0,0,0,0,0,0,0,0,0,0,0,0,0,0,0,0,0,0,0,0
clifford_simp_not_post_basic,q8_gates10000_pt0_seeds1000,8,10000,0,1000,71,33,38,68,32,17,14,1,0,0,0,0,0,0,0,0,0,0,0,0,0,0,0,0,0,0,0,0,0,0,0,0,0,0,0,0,0,0,0,0,0,0,0,0,0,0,0
clifford_simp_not_post_basic,q8_gates10000_pt0_seeds1001,8,10000,0,1001,79,37,42,73,32,16,13,3,0,0,0,0,0,0,0,0,0,0,0,0,0,0,0,0,0,0,0,0,0,0,0,0,0,0,0,0,0,0,0,0,0,0,0,0,0,0,0
clifford_simp_not_post_basic,q8_gates10000_pt0_seeds1002,8,10000,0,1002,82,40,42,71,32,17,11,4,0,0,0,0,0,0,0,0,0,0,0,0,0,0,0,0,0,0,0,0,0,0,0,0,0,0,0,0,0,0,0,0,0,0,0,0,0,0,0
clifford_simp_not_post_basic,q8_gates10000_pt0_seeds1003,8,10000,0,1003,78,32,46,81,32,16,10,6,0,0,0,0,0,0,0,0,0,0,0,0,0,0,0,0,0,0,0,0,0,0,0,0,0,0,0,0,0,0,0,0,0,0,0,0,0,0,0
clifford_simp_not_post_basic,q8_gates10000_pt0_seeds1004,8,10000,0,1004,78,36,42,74,32,16,11,5,0,0,0,0,0,0,0,0,0,0,0,0,0,0,0,0,0,0,0,0,0,0,0,0,0,0,0,0,0,0,0,0,0,0,0,0,0,0,0
clifford_simp_not_post_basic,q8_gates10000_pt0_seeds1005,8,10000,0,1005,80,38,42,75,32,16,13,3,0,0,0,0,0,0,0,0,0,0,0,0,0,0,0,0,0,0,0,0,0,0,0,0,0,0,0,0,0,0,0,0,0,0,0,0,0,0,0
clifford_simp_not_post_basic,q8_gates10000_pt0_seeds1006,8,10000,0,1006,84,36,48,80,32,16,11,5,0,0,0,0,0,0,0,0,0,0,0,0,0,0,0,0,0,0,0,0,0,0,0,0,0,0,0,0,0,0,0,0,0,0,0,0,0,0,0
clifford_simp_not_post_basic,q8_gates10000_pt0_seeds1007,8,10000,0,1007,77,33,44,74,32,16,12,4,0,0,0,0,0,0,0,0,0,0,0,0,0,0,0,0,0,0,0,0,0,0,0,0,0,0,0,0,0,0,0,0,0,0,0,0,0,0,0
clifford_simp_not_post_basic,q8_gates10000_pt0_seeds1008,8,10000,0,1008,83,34,49,86,32,16,9,7,0,0,0,0,0,0,0,0,0,0,0,0,0,0,0,0,0,0,0,0,0,0,0,0,0,0,0,0,0,0,0,0,0,0,0,0,0,0,0
clifford_simp_not_post_basic,q8_gates10000_pt0_seeds1009,8,10000,0,1009,78,36,42,72,32,16,13,3,0,0,0,0,0,0,0,0,0,0,0,0,0,0,0,0,0,0,0,0,0,0,0,0,0,0,0,0,0,0,0,0,0,0,0,0,0,0,0
clifford_simp_not_post_basic,q8_gates10000_pt0.04_seeds1000,8,10000,0.04,1000,2308,738,1570,8101,388,24,11,12,16,29,42,29,35,24,26,31,32,16,11,9,12,4,5,7,4,3,4,1,1,0,0,0,0,0,0,0,0,0,0,0,0,0,0,0,0,0,0
clifford_simp_not_post_basic,q8_gates10000_pt0.04_seeds1001,8,10000,0.04,1001,2395,754,1641,7890,397,24,12,12,29,15,33,39,39,23,36,41,25,25,17,10,9,2,0,3,0,0,2,1,0,0,0,0,0,0,0,0,0,0,0,0,0,0,0,0,0,0,0
clifford_simp_not_post_basic,q8_gates10000_pt0.04_seeds1002,8,10000,0.04,1002,2345,743,1602,9748,388,23,5,19,15,22,26,37,28,23,22,17,21,16,9,11,9,12,8,11,16,19,8,6,0,0,0,0,1,4,0,0,0,0,0,0,0,0,0,0,0,0,0
clifford_simp_not_post_basic,q8_gates10000_pt0.04_seeds1003,8,10000,0.04,1003,2310,742,1568,6029,392,24,11,21,44,59,47,36,53,21,21,18,17,3,4,1,2,8,2,0,0,0,0,0,0,0,0,0,0,0,0,0,0,0,0,0,0,0,0,0,0,0,0
clifford_simp_not_post_basic,q8_gates10000_pt0.04_seeds1004,8,10000,0.04,1004,2461,780,1681,9590,406,23,6,19,15,46,41,26,17,19,26,24,23,14,7,14,9,6,9,21,16,8,11,6,0,0,0,0,0,0,0,0,0,0,0,0,0,0,0,0,0,0,0
clifford_simp_not_post_basic,q8_gates10000_pt0.04_seeds1005,8,10000,0.04,1005,2305,741,1564,11962,385,23,11,16,31,24,17,21,9,7,10,28,17,18,7,4,6,9,9,3,3,5,14,11,26,32,12,4,2,0,0,1,0,3,1,1,0,0,0,0,0,0,0
clifford_simp_not_post_basic,q8_gates10000_pt0.04_seeds1006,8,10000,0.04,1006,2203,705,1498,7927,370,27,7,12,25,21,37,35,34,18,21,11,10,21,33,22,6,3,4,6,6,4,5,2,0,0,0,0,0,0,0,0,0,0,0,0,0,0,0,0,0,0,0
clifford_simp_not_post_basic,q8_gates10000_pt0.04_seeds1007,8,10000,0.04,1007,2361,753,1608,6683,396,26,10,22,29,51,34,48,36,39,22,19,21,17,9,4,0,4,3,2,0,0,0,0,0,0,0,0,0,0,0,0,0,0,0,0,0,0,0,0,0,0,0
clifford_simp_not_post_basic,q8_gates10000_pt0.04_seeds1008,8,10000,0.04,1008,2364,742,1622,7317,389,26,3,12,25,28,41,35,39,59,40,17,12,13,9,7,11,10,2,0,0,0,0,0,0,0,0,0,0,0,0,0,0,0,0,0,0,0,0,0,0,0,0
clifford_simp_not_post_basic,q8_gates10000_pt0.04_seeds1009,8,10000,0.04,1009,2287,724,1563,7564,380,18,9,19,32,26,24,29,33,31,39,20,28,28,18,6,5,4,5,4,1,0,1,0,0,0,0,0,0,0,0,0,0,0,0,0,0,0,0,0,0,0,0
clifford_simp_not_post_basic,q8_gates10000_pt0.08_seeds1000,8,10000,0.08,1000,3761,1245,2516,10430,655,57,50,67,82,63,49,67,42,32,23,9,12,22,8,3,16,9,18,12,8,4,2,0,0,0,0,0,0,0,0,0,0,0,0,0,0,0,0,0,0,0,0
clifford_simp_not_post_basic,q8_gates10000_pt0.08_seeds1001,8,10000,0.08,1001,3816,1291,2525,9336,674,57,45,68,65,86,67,83,45,37,31,35,28,8,10,6,1,2,0,0,0,0,0,0,0,0,0,0,0,0,0,0,0,0,0,0,0,0,0,0,0,0,0
clifford_simp_not_post_basic,q8_gates10000_pt0.08_seeds1002,8,10000,0.08,1002,3923,1320,2603,9139,694,60,57,78,104,65,67,49,46,51,40,22,30,11,7,6,0,0,0,0,1,0,0,0,0,0,0,0,0,0,0,0,0,0,0,0,0,0,0,0,0,0,0
clifford_simp_not_post_basic,q8_gates10000_pt0.08_seeds1003,8,10000,0.08,1003,3766,1244,2522,8121,654,48,63,104,66,61,64,64,67,46,32,15,14,6,2,1,0,0,1,0,0,0,0,0,0,0,0,0,0,0,0,0,0,0,0,0,0,0,0,0,0,0,0
clifford_simp_not_post_basic,q8_gates10000_pt0.08_seeds1004,8,10000,0.08,1004,3993,1353,2640,8172,709,61,58,96,130,84,66,49,52,40,35,28,8,1,1,0,0,0,0,0,0,0,0,0,0,0,0,0,0,0,0,0,0,0,0,0,0,0,0,0,0,0,0
clifford_simp_not_post_basic,q8_gates10000_pt0.08_seeds1005,8,10000,0.08,1005,3886,1278,2608,11183,668,44,40,50,68,68,71,62,46,29,24,32,37,20,16,25,18,7,3,7,1,0,0,0,0,0,0,0,0,0,0,0,0,0,0,0,0,0,0,0,0,0,0
clifford_simp_not_post_basic,q8_gates10000_pt0.08_seeds1006,8,10000,0.08,1006,3656,1223,2433,8747,639,53,53,84,76,69,45,36,47,57,35,27,18,19,14,4,2,0,0,0,0,0,0,0,0,0,0,0,0,0,0,0,0,0,0,0,0,0,0,0,0,0,0
clifford_simp_not_post_basic,q8_gates10000_pt0.08_seeds1007,8,10000,0.08,1007,3664,1224,2440,9072,636,49,31,71,74,77,42,54,48,69,59,16,18,15,12,1,0,0,0,0,0,0,0,0,0,0,0,0,0,0,0,0,0,0,0,0,0,0,0,0,0,0,0
clifford_simp_not_post_basic,q8_gates10000_pt0.08_seeds1008,8,10000,0.08,1008,3930,1282,2648,8361,669,47,34,65,90,109,92,74,46,58,35,6,6,3,4,0,0,0,0,0,0,0,0,0,0,0,0,0,0,0,0,0,0,0,0,0,0,0,0,0,0,0,0
clifford_simp_not_post_basic,q8_gates10000_pt0.08_seeds1009,8,10000,0.08,1009,4090,1332,2758,11147,694,45,38,83,88,65,64,58,39,31,32,32,28,15,15,5,21,24,5,0,2,4,0,0,0,0,0,0,0,0,0,0,0,0,0,0,0,0,0,0,0,0,0
clifford_simp_not_post_basic,q8_gates10000_pt0.12_seeds1000,8,10000,0.12,1000,4743,1622,3121,8383,855,93,100,131,129,138,92,69,43,24,21,12,2,0,1,0,0,0,0,0,0,0,0,0,0,0,0,0,0,0,0,0,0,0,0,0,0,0,0,0,0,0,0
clifford_simp_not_post_basic,q8_gates10000_pt0.12_seeds1001,8,10000,0.12,1001,5011,1737,3274,9650,920,113,107,129,167,104,69,56,53,52,25,17,12,8,7,1,0,0,0,0,0,0,0,0,0,0,0,0,0,0,0,0,0,0,0,0,0,0,0,0,0,0,0
clifford_simp_not_post_basic,q8_gates10000_pt0.12_seeds1002,8,10000,0.12,1002,4903,1696,3207,8244,892,97,111,154,153,124,127,59,26,13,18,8,2,0,0,0,0,0,0,0,0,0,0,0,0,0,0,0,0,0,0,0,0,0,0,0,0,0,0,0,0,0,0
clifford_simp_not_post_basic,q8_gates10000_pt0.12_seeds1003,8,10000,0.12,1003,4821,1645,3176,7450,871,97,127,155,172,142,66,46,45,11,9,1,0,0,0,0,0,0,0,0,0,0,0,0,0,0,0,0,0,0,0,0,0,0,0,0,0,0,0,0,0,0,0
clifford_simp_not_post_basic,q8_gates10000_pt0.12_seeds1004,8,10000,0.12,1004,5056,1786,3270,7356,943,123,137,183,197,160,82,36,16,3,0,6,0,0,0,0,0,0,0,0,0,0,0,0,0,0,0,0,0,0,0,0,0,0,0,0,0,0,0,0,0,0,0
clifford_simp_not_post_basic,q8_gates10000_pt0.12_seeds1005,8,10000,0.12,1005,4896,1674,3222,8153,880,82,102,143,167,148,108,63,41,17,6,2,1,0,0,0,0,0,0,0,0,0,0,0,0,0,0,0,0,0,0,0,0,0,0,0,0,0,0,0,0,0,0
clifford_simp_not_post_basic,q8_gates10000_pt0.12_seeds1006,8,10000,0.12,1006,4796,1650,3146,9092,873,116,97,137,122,95,65,56,64,64,36,17,3,1,0,0,0,0,0,0,0,0,0,0,0,0,0,0,0,0,0,0,0,0,0,0,0,0,0,0,0,0,0
clifford_simp_not_post_basic,q8_gates10000_pt0.12_seeds1007,8,10000,0.12,1007,4821,1697,3124,7916,901,108,118,161,151,135,110,64,24,13,11,5,1,0,0,0,0,0,0,0,0,0,0,0,0,0,0,0,0,0,0,0,0,0,0,0,0,0,0,0,0,0,0
clifford_simp_not_post_basic,q8_gates10000_pt0.12_seeds1008,8,10000,0.12,1008,4848,1692,3156,7722,895,99,120,180,163,123,92,58,38,12,9,1,0,0,0,0,0,0,0,0,0,0,0,0,0,0,0,0,0,0,0,0,0,0,0,0,0,0,0,0,0,0,0
clifford_simp_not_post_basic,q8_gates10000_pt0.12_seeds1009,8,10000,0.12,1009,5108,1768,3340,8507,939,105,141,162,167,127,82,63,36,17,22,8,7,2,0,0,0,0,0,0,0,0,0,0,0,0,0,0,0,0,0,0,0,0,0,0,0,0,0,0,0,0,0
clifford_simp_not_post_basic,q8_gates10000_pt0.16_seeds1000,8,10000,0.16,1000,5461,1967,3494,7773,1044,158,190,241,152,115,81,73,24,8,2,0,0,0,0,0,0,0,0,0,0,0,0,0,0,0,0,0,0,0,0,0,0,0,0,0,0,0,0,0,0,0,0
clifford_simp_not_post_basic,q8_gates10000_pt0.16_seeds1001,8,10000,0.16,1001,5649,2080,3569,8139,1110,181,193,224,216,112,88,68,20,6,2,0,0,0,0,0,0,0,0,0,0,0,0,0,0,0,0,0,0,0,0,0,0,0,0,0,0,0,0,0,0,0,0
clifford_simp_not_post_basic,q8_gates10000_pt0.16_seeds1002,8,10000,0.16,1002,5531,2032,3499,8391,1085,189,190,217,179,133,70,18,26,25,23,9,3,3,0,0,0,0,0,0,0,0,0,0,0,0,0,0,0,0,0,0,0,0,0,0,0,0,0,0,0,0,0
clifford_simp_not_post_basic,q8_gates10000_pt0.16_seeds1003,8,10000,0.16,1003,5499,1987,3512,6921,1057,144,211,295,211,120,44,22,9,1,0,0,0,0,0,0,0,0,0,0,0,0,0,0,0,0,0,0,0,0,0,0,0,0,0,0,0,0,0,0,0,0,0
clifford_simp_not_post_basic,q8_gates10000_pt0.16_seeds1004,8,10000,0.16,1004,5715,2105,3610,8642,1129,196,193,227,204,128,61,42,17,16,31,13,1,0,0,0,0,0,0,0,0,0,0,0,0,0,0,0,0,0,0,0,0,0,0,0,0,0,0,0,0,0,0
clifford_simp_not_post_basic,q8_gates10000_pt0.16_seeds1005,8,10000,0.16,1005,5459,1923,3536,8708,1016,139,151,186,160,146,98,51,37,12,24,8,2,0,2,0,0,0,0,0,0,0,0,0,0,0,0,0,0,0,0,0,0,0,0,0,0,0,0,0,0,0,0
clifford_simp_not_post_basic,q8_gates10000_pt0.16_seeds1006,8,10000,0.16,1006,5457,1935,3522,7886,1030,149,145,214,200,154,105,40,20,2,1,0,0,0,0,0,0,0,0,0,0,0,0,0,0,0,0,0,0,0,0,0,0,0,0,0,0,0,0,0,0,0,0
clifford_simp_not_post_basic,q8_gates10000_pt0.16_seeds1007,8,10000,0.16,1007,5746,2066,3680,8782,1106,183,176,224,199,112,79,45,31,28,16,8,4,1,0,0,0,0,0,0,0,0,0,0,0,0,0,0,0,0,0,0,0,0,0,0,0,0,0,0,0,0,0
clifford_simp_not_post_basic,q8_gates10000_pt0.16_seeds1008,8,10000,0.16,1008,5505,1978,3527,9947,1059,160,169,159,174,124,79,64,30,11,19,26,18,13,7,5,1,0,0,0,0,0,0,0,0,0,0,0,0,0,0,0,0,0,0,0,0,0,0,0,0,0,0
clifford_simp_not_post_basic,q8_gates10000_pt0.16_seeds1009,8,10000,0.16,1009,5708,2045,3663,7740,1095,170,186,232,220,160,85,29,7,6,0,0,0,0,0,0,0,0,0,0,0,0,0,0,0,0,0,0,0,0,0,0,0,0,0,0,0,0,0,0,0,0,0
clifford_simp_not_post_basic,q8_gates10000_pt0.2_seeds1000,8,10000,0.2,1000,5786,2164,3622,7895,1163,220,249,278,184,88,55,38,14,10,11,5,5,3,1,2,0,0,0,0,0,0,0,0,0,0,0,0,0,0,0,0,0,0,0,0,0,0,0,0,0,0,0
clifford_simp_not_post_basic,q8_gates10000_pt0.2_seeds1001,8,10000,0.2,1001,6092,2316,3776,8246,1237,220,271,265,197,138,74,43,22,6,0,0,0,1,0,0,0,0,0,0,0,0,0,0,0,0,0,0,0,0,0,0,0,0,0,0,0,0,0,0,0,0,0
clifford_simp_not_post_basic,q8_gates10000_pt0.2_seeds1002,8,10000,0.2,1002,6134,2280,3854,9340,1229,232,245,245,197,120,56,42,25,11,9,11,19,14,2,1,0,0,0,0,0,0,0,0,0,0,0,0,0,0,0,0,0,0,0,0,0,0,0,0,0,0,0
clifford_simp_not_post_basic,q8_gates10000_pt0.2_seeds1003,8,10000,0.2,1003,6045,2270,3775,7986,1230,236,271,270,197,123,71,35,15,3,4,4,1,0,0,0,0,0,0,0,0,0,0,0,0,0,0,0,0,0,0,0,0,0,0,0,0,0,0,0,0,0,0
clifford_simp_not_post_basic,q8_gates10000_pt0.2_seeds1004,8,10000,0.2,1004,5946,2258,3688,7143,1215,222,319,288,190,126,48,13,6,2,0,1,0,0,0,0,0,0,0,0,0,0,0,0,0,0,0,0,0,0,0,0,0,0,0,0,0,0,0,0,0,0,0
clifford_simp_not_post_basic,q8_gates10000_pt0.2_seeds1005,8,10000,0.2,1005,6007,2290,3717,7786,1224,243,265,242,225,130,79,28,9,2,1,0,0,0,0,0,0,0,0,0,0,0,0,0,0,0,0,0,0,0,0,0,0,0,0,0,0,0,0,0,0,0,0
clifford_simp_not_post_basic,q8_gates10000_pt0.2_seeds1006,8,10000,0.2,1006,5773,2157,3616,7651,1161,209,232,259,227,109,72,38,13,2,0,0,0,0,0,0,0,0,0,0,0,0,0,0,0,0,0,0,0,0,0,0,0,0,0,0,0,0,0,0,0,0,0
clifford_simp_not_post_basic,q8_gates10000_pt0.2_seeds1007,8,10000,0.2,1007,6325,2376,3949,9641,1281,269,251,214,176,106,103,54,45,43,13,7,0,0,0,0,0,0,0,0,0,0,0,0,0,0,0,0,0,0,0,0,0,0,0,0,0,0,0,0,0,0,0
clifford_simp_not_post_basic,q8_gates10000_pt0.2_seeds1008,8,10000,0.2,1008,5895,2213,3682,7933,1191,223,263,242,178,124,96,44,11,6,4,0,0,0,0,0,0,0,0,0,0,0,0,0,0,0,0,0,0,0,0,0,0,0,0,0,0,0,0,0,0,0,0
clifford_simp_not_post_basic,q8_gates10000_pt0.2_seeds1009,8,10000,0.2,1009,6127,2295,3832,7913,1230,214,266,300,216,119,62,24,17,9,0,0,3,0,0,0,0,0,0,0,0,0,0,0,0,0,0,0,0,0,0,0,0,0,0,0,0,0,0,0,0,0,0
clifford_simp_not_post_basic,q8_gates10000_pt0.4_seeds1000,8,10000,0.4,1000,6082,2661,3421,6430,1472,508,422,261,185,67,16,10,2,1,0,0,0,0,0,0,0,0,0,0,0,0,0,0,0,0,0,0,0,0,0,0,0,0,0,0,0,0,0,0,0,0,0
clifford_simp_not_post_basic,q8_gates10000_pt0.4_seeds1001,8,10000,0.4,1001,5979,2554,3425,6848,1397,440,374,282,133,98,42,14,7,6,1,0,0,0,0,0,0,0,0,0,0,0,0,0,0,0,0,0,0,0,0,0,0,0,0,0,0,0,0,0,0,0,0
clifford_simp_not_post_basic,q8_gates10000_pt0.4_seeds1002,8,10000,0.4,1002,5946,2544,3402,6681,1399,454,371,249,169,102,42,11,1,0,0,0,0,0,0,0,0,0,0,0,0,0,0,0,0,0,0,0,0,0,0,0,0,0,0,0,0,0,0,0,0,0,0
clifford_simp_not_post_basic,q8_gates10000_pt0.4_seeds1003,8,10000,0.4,1003,6223,2834,3389,6355,1570,590,460,280,146,67,21,6,0,0,0,0,0,0,0,0,0,0,0,0,0,0,0,0,0,0,0,0,0,0,0,0,0,0,0,0,0,0,0,0,0,0,0
clifford_simp_not_post_basic,q8_gates10000_pt0.4_seeds1004,8,10000,0.4,1004,5970,2640,3330,5999,1454,498,446,302,146,44,15,3,0,0,0,0,0,0,0,0,0,0,0,0,0,0,0,0,0,0,0,0,0,0,0,0,0,0,0,0,0,0,0,0,0,0,0
clifford_simp_not_post_basic,q8_gates10000_pt0.4_seeds1005,8,10000,0.4,1005,6033,2624,3409,6409,1444,480,391,312,169,65,22,4,1,0,0,0,0,0,0,0,0,0,0,0,0,0,0,0,0,0,0,0,0,0,0,0,0,0,0,0,0,0,0,0,0,0,0
clifford_simp_not_post_basic,q8_gates10000_pt0.4_seeds1006,8,10000,0.4,1006,5999,2577,3422,6741,1418,446,404,260,159,87,38,19,4,1,0,0,0,0,0,0,0,0,0,0,0,0,0,0,0,0,0,0,0,0,0,0,0,0,0,0,0,0,0,0,0,0,0
clifford_simp_not_post_basic,q8_gates10000_pt0.4_seeds1007,8,10000,0.4,1007,6083,2676,3407,6163,1481,496,461,311,138,47,22,6,0,0,0,0,0,0,0,0,0,0,0,0,0,0,0,0,0,0,0,0,0,0,0,0,0,0,0,0,0,0,0,0,0,0,0
clifford_simp_not_post_basic,q8_gates10000_pt0.4_seeds1008,8,10000,0.4,1008,5910,2704,3206,5807,1494,538,508,277,97,48,22,3,1,0,0,0,0,0,0,0,0,0,0,0,0,0,0,0,0,0,0,0,0,0,0,0,0,0,0,0,0,0,0,0,0,0,0
clifford_simp_not_post_basic,q8_gates10000_pt0.4_seeds1009,8,10000,0.4,1009,6014,2558,3456,6372,1409,439,421,284,171,52,27,11,4,0,0,0,0,0,0,0,0,0,0,0,0,0,0,0,0,0,0,0,0,0,0,0,0,0,0,0,0,0,0,0,0,0,0
clifford_simp_not_post_basic,q12_gates10000_pt0_seeds1000,12,10000,0,1000,139,52,87,151,48,24,4,17,3,0,0,0,0,0,0,0,0,0,0,0,0,0,0,0,0,0,0,0,0,0,0,0,0,0,0,0,0,0,0,0,0,0,0,0,0,0,0
clifford_simp_not_post_basic,q12_gates10000_pt0_seeds1001,12,10000,0,1001,159,55,104,174,48,24,2,17,5,0,0,0,0,0,0,0,0,0,0,0,0,0,0,0,0,0,0,0,0,0,0,0,0,0,0,0,0,0,0,0,0,0,0,0,0,0,0
clifford_simp_not_post_basic,q12_gates10000_pt0_seeds1002,12,10000,0,1002,150,51,99,164,48,24,3,14,7,0,0,0,0,0,0,0,0,0,0,0,0,0,0,0,0,0,0,0,0,0,0,0,0,0,0,0,0,0,0,0,0,0,0,0,0,0,0
clifford_simp_not_post_basic,q12_gates10000_pt0_seeds1003,12,10000,0,1003,151,51,100,177,48,24,0,17,6,1,0,0,0,0,0,0,0,0,0,0,0,0,0,0,0,0,0,0,0,0,0,0,0,0,0,0,0,0,0,0,0,0,0,0,0,0,0
clifford_simp_not_post_basic,q12_gates10000_pt0_seeds1004,12,10000,0,1004,151,52,99,168,48,24,3,14,7,0,0,0,0,0,0,0,0,0,0,0,0,0,0,0,0,0,0,0,0,0,0,0,0,0,0,0,0,0,0,0,0,0,0,0,0,0,0
clifford_simp_not_post_basic,q12_gates10000_pt0_seeds1005,12,10000,0,1005,141,49,92,155,48,24,4,17,3,0,0,0,0,0,0,0,0,0,0,0,0,0,0,0,0,0,0,0,0,0,0,0,0,0,0,0,0,0,0,0,0,0,0,0,0,0,0
clifford_simp_not_post_basic,q12_gates10000_pt0_seeds1006,12,10000,0,1006,150,57,93,164,48,24,3,17,3,1,0,0,0,0,0,0,0,0,0,0,0,0,0,0,0,0,0,0,0,0,0,0,0,0,0,0,0,0,0,0,0,0,0,0,0,0,0
clifford_simp_not_post_basic,q12_gates10000_pt0_seeds1007,12,10000,0,1007,153,54,99,159,48,24,2,18,4,0,0,0,0,0,0,0,0,0,0,0,0,0,0,0,0,0,0,0,0,0,0,0,0,0,0,0,0,0,0,0,0,0,0,0,0,0,0
clifford_simp_not_post_basic,q12_gates10000_pt0_seeds1008,12,10000,0,1008,148,55,93,155,48,24,5,17,2,0,0,0,0,0,0,0,0,0,0,0,0,0,0,0,0,0,0,0,0,0,0,0,0,0,0,0,0,0,0,0,0,0,0,0,0,0,0
clifford_simp_not_post_basic,q12_gates10000_pt0_seeds1009,12,10000,0,1009,166,51,115,178,48,24,0,14,10,0,0,0,0,0,0,0,0,0,0,0,0,0,0,0,0,0,0,0,0,0,0,0,0,0,0,0,0,0,0,0,0,0,0,0,0,0,0
clifford_simp_not_post_basic,q12_gates10000_pt0.04_seeds1000,12,10000,0.04,1000,3313,753,2560,25363,402,30,0,0,3,4,4,1,6,6,5,4,7,5,7,8,6,2,1,1,3,6,5,16,19,14,6,6,17,22,21,24,30,20,2,1,3,10,15,17,18,12,15
clifford_simp_not_post_basic,q12_gates10000_pt0.04_seeds1001,12,10000,0.04,1001,3316,758,2558,24872,403,32,2,0,3,3,3,4,4,4,4,3,9,9,3,3,0,4,3,18,20,16,9,1,1,6,2,6,5,14,31,24,33,20,11,10,14,21,14,20,11,3,0
clifford_simp_not_post_basic,q12_gates10000_pt0.04_seeds1002,12,10000,0.04,1002,3137,720,2417,18883,381,29,0,0,3,4,0,4,3,2,1,4,10,19,8,7,12,13,22,19,13,10,30,23,20,20,20,16,8,2,3,7,8,11,13,10,7,0,0,0,0,0,0
clifford_simp_not_post_basic,q12_gates10000_pt0.04_seeds1003,12,10000,0.04,1003,2918,671,2247,18263,356,27,0,0,5,5,6,6,11,7,3,15,14,2,6,1,1,2,0,0,3,6,9,12,15,22,18,35,46,30,16,14,6,7,5,1,0,0,0,0,0,0,0
clifford_simp_not_post_basic,q12_gates10000_pt0.04_seeds1004,12,10000,0.04,1004,3270,754,2516,18839,401,31,0,1,2,0,2,4,12,7,19,14,16,14,17,7,1,3,5,14,16,18,27,33,20,16,12,10,13,13,5,1,12,10,14,7,4,1,0,0,0,0,0
clifford_simp_not_post_basic,q12_gates10000_pt0.04_seeds1005,12,10000,0.04,1005,3161,730,2431,22747,386,26,1,0,0,4,2,1,2,3,11,13,10,8,7,10,8,13,11,11,6,2,3,8,6,1,3,14,13,6,15,15,31,34,26,17,23,12,5,1,3,1,0
clifford_simp_not_post_basic,q12_gates10000_pt0.04_seeds1006,12,10000,0.04,1006,3284,754,2530,24395,401,30,1,2,4,8,4,2,6,10,6,4,4,5,16,2,1,2,8,8,8,11,3,8,2,7,10,20,22,15,1,5,3,17,22,23,25,23,30,15,7,1,0
clifford_simp_not_post_basic,q12_gates10000_pt0.04_seeds1007,12,10000,0.04,1007,3157,728,2429,20490,386,26,1,4,5,1,5,7,5,2,7,7,13,8,15,17,20,2,0,1,0,4,4,4,12,17,18,27,24,31,23,24,10,9,4,4,13,8,4,0,0,0,0
clifford_simp_not_post_basic,q12_gates10000_pt0.04_seeds1008,12,10000,0.04,1008,3163,727,2436,22115,388,29,0,2,0,0,4,6,7,8,4,9,10,10,18,4,6,8,9,18,8,0,4,6,12,23,8,10,3,1,3,3,11,20,33,39,32,16,3,1,0,0,0
clifford_simp_not_post_basic,q12_gates10000_pt0.04_seeds1009,12,10000,0.04,1009,3144,738,2406,27668,389,31,0,3,4,3,0,1,4,2,4,9,4,2,4,2,1,2,0,2,0,1,4,3,4,13,3,9,5,5,6,7,16,13,9,28,36,53,53,32,10,1,0
clifford_simp_not_post_basic,q12_gates10000_pt0.08_seeds1000,12,10000,0.08,1000,5345,1303,4042,18955,686,53,11,10,15,22,28,42,45,69,75,39,29,22,23,31,19,22,16,7,4,14,34,19,12,3,4,1,1,6,2,1,0,4,2,1,0,0,0,0,0,0,0
clifford_simp_not_post_basic,q12_gates10000_pt0.08_seeds1001,12,10000,0.08,1001,5327,1301,4026,20875,684,54,15,10,21,33,42,46,47,27,23,33,31,32,21,19,31,26,15,10,11,14,12,8,9,14,29,9,8,10,3,2,2,3,3,5,4,2,0,0,0,0,0
clifford_simp_not_post_basic,q12_gates10000_pt0.08_seeds1002,12,10000,0.08,1002,5194,1270,3924,24870,660,44,9,9,13,31,30,17,19,31,26,32,14,9,8,13,32,25,15,21,21,28,29,35,48,36,11,14,1,3,3,0,2,4,11,9,7,0,0,0,0,0,0
clifford_simp_not_post_basic,q12_gates10000_pt0.08_seeds1003,12,10000,0.08,1003,5085,1219,3866,23239,636,37,10,3,3,14,18,16,17,19,19,46,32,35,30,17,27,36,36,39,36,15,21,28,15,9,5,12,15,18,5,2,0,0,0,0,0,0,1,0,0,0,0
clifford_simp_not_post_basic,q12_gates10000_pt0.08_seeds1004,12,10000,0.08,1004,5285,1282,4003,21836,676,52,9,6,16,39,26,51,37,38,38,21,24,16,27,22,21,11,9,11,12,29,25,33,20,20,19,10,9,6,3,3,8,3,2,0,0,0,0,0,0,0,0
clifford_simp_not_post_basic,q12_gates10000_pt0.08_seeds1005,12,10000,0.08,1005,5261,1270,3991,26453,669,49,7,11,24,21,24,17,27,21,33,13,15,21,23,24,22,32,31,35,26,21,13,8,5,3,5,13,10,2,10,21,22,20,9,5,1,3,0,3,6,3,10
clifford_simp_not_post_basic,q12_gates10000_pt0.08_seeds1006,12,10000,0.08,1006,5173,1267,3906,20562,668,51,9,18,15,25,35,29,60,31,26,27,19,17,29,28,23,19,10,12,29,58,28,24,12,4,4,6,2,8,8,2,0,0,0,0,0,0,0,0,0,0,0
clifford_simp_not_post_basic,q12_gates10000_pt0.08_seeds1007,12,10000,0.08,1007,5043,1228,3815,18352,648,52,10,12,31,30,26,21,28,32,46,31,39,29,23,25,36,30,18,24,38,21,18,7,5,3,0,1,6,2,1,1,2,0,0,0,0,0,0,0,0,0,0
clifford_simp_not_post_basic,q12_gates10000_pt0.08_seeds1008,12,10000,0.08,1008,5291,1321,3970,23050,692,54,11,13,31,24,22,29,33,37,31,33,22,17,11,16,19,31,37,15,25,36,36,18,14,22,26,9,3,1,1,2,2,0,0,0,0,0,0,0,0,0,11
clifford_simp_not_post_basic,q12_gates10000_pt0.08_seeds1009,12,10000,0.08,1009,5228,1274,3954,20596,673,53,5,14,23,33,19,23,34,30,18,35,41,29,28,24,19,24,46,44,43,28,22,13,5,5,1,4,3,4,1,2,0,0,0,0,0,0,0,0,0,0,0
clifford_simp_not_post_basic,q12_gates10000_pt0.12_seeds1000,12,10000,0.12,1000,6700,1729,4971,16004,913,93,52,46,74,73,87,64,64,62,54,44,51,40,17,27,19,19,18,7,2,0,0,0,0,0,0,0,0,0,0,0,0,0,0,0,0,0,0,0,0,0,0
clifford_simp_not_post_basic,q12_gates10000_pt0.12_seeds1001,12,10000,0.12,1001,6755,1751,5004,15455,927,89,42,36,57,81,92,87,89,100,75,54,42,33,18,10,12,5,3,2,0,0,0,0,0,0,0,0,0,0,0,0,0,0,0,0,0,0,0,0,0,0,0
clifford_simp_not_post_basic,q12_gates10000_pt0.12_seeds1002,12,10000,0.12,1002,6732,1744,4988,15239,926,95,54,38,49,73,93,94,107,84,67,32,36,32,34,20,9,5,2,2,0,0,0,0,0,0,0,0,0,0,0,0,0,0,0,0,0,0,0,0,0,0,0
clifford_simp_not_post_basic,q12_gates10000_pt0.12_seeds1003,12,10000,0.12,1003,6774,1763,5011,15457,932,87,54,52,67,90,94,109,78,57,49,34,28,25,26,33,24,17,2,3,3,0,0,0,0,0,0,0,0,0,0,0,0,0,0,0,0,0,0,0,0,0,0
clifford_simp_not_post_basic,q12_gates10000_pt0.12_seeds1004,12,10000,0.12,1004,6425,1656,4769,21849,876,83,35,42,39,51,51,57,75,49,21,22,22,45,33,33,26,17,10,13,29,29,26,22,23,9,2,3,4,3,0,0,0,0,1,0,0,1,0,0,0,0,0
clifford_simp_not_post_basic,q12_gates10000_pt0.12_seeds1005,12,10000,0.12,1005,6409,1670,4739,18324,878,93,30,34,58,64,91,64,74,45,35,43,19,19,18,18,33,28,28,35,16,9,8,12,3,1,0,0,0,0,0,0,0,0,0,0,0,0,0,0,0,0,0
clifford_simp_not_post_basic,q12_gates10000_pt0.12_seeds1006,12,10000,0.12,1006,6534,1724,4810,13727,916,101,45,61,81,122,113,84,62,71,46,34,21,6,9,7,12,21,7,6,1,1,2,2,1,0,0,0,0,0,0,0,0,0,0,0,0,0,0,0,0,0,0
clifford_simp_not_post_basic,q12_gates10000_pt0.12_seeds1007,12,10000,0.12,1007,6562,1686,4876,16885,897,87,53,47,64,64,65,59,64,61,65,57,38,36,20,24,29,23,21,11,3,0,1,0,0,0,0,0,1,3,1,0,0,0,0,0,0,0,0,0,0,0,0
clifford_simp_not_post_basic,q12_gates10000_pt0.12_seeds1008,12,10000,0.12,1008,6601,1711,4890,16766,912,88,48,53,84,100,87,84,55,52,48,53,24,11,10,6,8,4,6,6,10,19,21,10,9,12,3,1,0,0,0,0,0,0,0,0,0,0,0,0,0,0,0
clifford_simp_not_post_basic,q12_gates10000_pt0.12_seeds1009,12,10000,0.12,1009,6363,1647,4716,17824,876,95,28,32,53,65,81,79,80,54,47,24,38,33,19,20,17,14,17,10,14,23,19,11,2,0,0,0,0,1,0,0,0,0,0,0,0,0,0,0,0,0,0
clifford_simp_not_post_basic,q12_gates10000_pt0.16_seeds1000,12,10000,0.16,1000,7686,2101,5585,16047,1121,145,89,83,96,96,116,95,98,57,55,55,47,41,26,8,4,2,2,1,3,2,0,0,0,0,0,0,0,0,0,0,0,0,0,0,0,0,0,0,0,0,0
clifford_simp_not_post_basic,q12_gates10000_pt0.16_seeds1001,12,10000,0.16,1001,7377,2079,5298,14412,1109,157,96,96,113,100,97,81,92,92,64,55,28,17,6,7,7,1,0,0,0,0,0,0,0,0,0,0,0,0,0,0,0,0,0,0,0,0,0,0,0,0,0
clifford_simp_not_post_basic,q12_gates10000_pt0.16_seeds1002,12,10000,0.16,1002,7438,2054,5384,13073,1099,146,107,93,112,147,138,78,85,64,57,29,21,13,3,5,1,0,0,0,0,0,0,0,0,0,0,0,0,0,0,0,0,0,0,0,0,0,0,0,0,0,0
clifford_simp_not_post_basic,q12_gates10000_pt0.16_seeds1003,12,10000,0.16,1003,7450,2027,5423,13580,1085,144,96,93,124,144,112,96,61,58,40,38,19,26,24,2,2,3,1,2,0,0,0,0,0,0,0,0,0,0,0,0,0,0,0,0,0,0,0,0,0,0,0
clifford_simp_not_post_basic,q12_gates10000_pt0.16_seeds1004,12,10000,0.16,1004,7291,2013,5278,15641,1072,140,96,105,91,112,99,76,48,39,51,39,27,35,54,26,15,11,3,4,1,0,0,0,0,0,0,0,0,0,0,0,0,0,0,0,0,0,0,0,0,0,0
clifford_simp_not_post_basic,q12_gates10000_pt0.16_seeds1005,12,10000,0.16,1005,7383,1978,5405,14679,1057,135,78,71,115,108,90,98,85,73,64,54,27,17,14,12,5,0,4,3,4,0,0,0,0,0,0,0,0,0,0,0,0,0,0,0,0,0,0,0,0,0,0
clifford_simp_not_post_basic,q12_gates10000_pt0.16_seeds1006,12,10000,0.16,1006,7486,2092,5394,12932,1121,160,91,91,147,115,148,147,72,48,38,28,23,9,4,0,0,0,0,0,0,0,0,0,0,0,0,0,0,0,0,0,0,0,0,0,0,0,0,0,0,0,0
clifford_simp_not_post_basic,q12_gates10000_pt0.16_seeds1007,12,10000,0.16,1007,7299,2024,5275,16224,1080,141,100,93,117,114,82,72,57,56,45,24,17,13,31,27,29,28,20,7,3,1,1,1,1,0,0,0,0,0,0,0,0,0,0,0,0,0,0,0,0,0,0
clifford_simp_not_post_basic,q12_gates10000_pt0.16_seeds1008,12,10000,0.16,1008,7210,2009,5201,15054,1072,148,104,91,103,121,98,79,50,46,33,48,29,30,21,26,24,12,3,0,3,2,0,0,1,0,0,0,0,0,0,0,0,0,0,0,0,0,0,0,0,0,0
clifford_simp_not_post_basic,q12_gates10000_pt0.16_seeds1009,12,10000,0.16,1009,7401,2018,5383,13843,1096,173,78,70,98,113,112,110,123,86,73,23,14,7,7,3,3,2,0,1,0,0,0,0,0,0,0,0,0,0,0,0,0,0,0,0,0,0,0,0,0,0,0
clifford_simp_not_post_basic,q12_gates10000_pt0.2_seeds1000,12,10000,0.2,1000,7875,2372,5503,12073,1280,239,150,145,183,161,131,87,86,43,36,8,6,0,3,1,1,0,0,0,0,0,0,0,0,0,0,0,0,0,0,0,0,0,0,0,0,0,0,0,0,0,0
clifford_simp_not_post_basic,q12_gates10000_pt0.2_seeds1001,12,10000,0.2,1001,7704,2277,5427,11817,1224,217,142,136,171,167,130,96,51,39,32,24,15,1,1,1,0,1,0,0,0,0,0,0,0,0,0,0,0,0,0,0,0,0,0,0,0,0,0,0,0,0,0
clifford_simp_not_post_basic,q12_gates10000_pt0.2_seeds1002,12,10000,0.2,1002,7748,2257,5491,12961,1222,196,154,145,127,136,122,118,74,44,34,36,18,9,1,0,3,2,2,1,0,0,0,0,0,0,0,0,0,0,0,0,0,0,0,0,0,0,0,0,0,0,0
clifford_simp_not_post_basic,q12_gates10000_pt0.2_seeds1003,12,10000,0.2,1003,7835,2299,5536,13815,1246,234,128,120,163,133,104,102,76,41,20,31,43,25,9,6,10,1,0,0,0,0,0,0,0,0,0,0,0,0,0,0,0,0,0,0,0,0,0,0,0,0,0
clifford_simp_not_post_basic,q12_gates10000_pt0.2_seeds1004,12,10000,0.2,1004,7547,2228,5319,13004,1191,208,145,95,137,149,98,100,92,56,36,24,30,9,7,2,0,1,0,2,0,0,0,0,0,0,0,0,0,0,0,0,0,0,0,0,0,0,0,0,0,0,0
clifford_simp_not_post_basic,q12_gates10000_pt0.2_seeds1005,12,10000,0.2,1005,7742,2269,5473,12913,1228,208,164,133,136,137,126,60,86,57,54,30,17,9,4,6,1,0,0,0,0,0,0,0,0,0,0,0,0,0,0,0,0,0,0,0,0,0,0,0,0,0,0
clifford_simp_not_post_basic,q12_gates10000_pt0.2_seeds1006,12,10000,0.2,1006,7914,2333,5581,12096,1258,207,167,154,161,171,121,106,60,50,35,7,12,4,1,2,0,0,0,0,0,0,0,0,0,0,0,0,0,0,0,0,0,0,0,0,0,0,0,0,0,0,0
clifford_simp_not_post_basic,q12_gates10000_pt0.2_seeds1007,12,10000,0.2,1007,7829,2304,5525,12523,1243,219,142,129,162,135,136,109,84,55,26,29,12,4,0,1,0,0,0,0,0,0,0,0,0,0,0,0,0,0,0,0,0,0,0,0,0,0,0,0,0,0,0
clifford_simp_not_post_basic,q12_gates10000_pt0.2_seeds1008,12,10000,0.2,1008,7680,2281,5399,12364,1227,213,143,134,183,132,125,99,69,45,19,19,25,16,4,1,0,0,0,0,0,0,0,0,0,0,0,0,0,0,0,0,0,0,0,0,0,0,0,0,0,0,0
clifford_simp_not_post_basic,q12_gates10000_pt0.2_seeds1009,12,10000,0.2,1009,7928,2372,5556,13320,1289,248,138,143,147,150,143,104,59,47,39,21,18,5,11,8,6,2,0,0,0,0,0,0,0,0,0,0,0,0,0,0,0,0,0,0,0,0,0,0,0,0,0
clifford_simp_not_post_basic,q12_gates10000_pt0.4_seeds1000,12,10000,0.4,1000,6921,2631,4290,7753,1464,432,403,249,156,103,61,33,18,6,3,0,0,0,0,0,0,0,0,0,0,0,0,0,0,0,0,0,0,0,0,0,0,0,0,0,0,0,0,0,0,0,0
clifford_simp_not_post_basic,q12_gates10000_pt0.4_seeds1001,12,10000,0.4,1001,7074,2608,4466,8429,1429,416,329,207,178,136,89,44,16,10,2,1,1,0,0,0,0,0,0,0,0,0,0,0,0,0,0,0,0,0,0,0,0,0,0,0,0,0,0,0,0,0,0
clifford_simp_not_post_basic,q12_gates10000_pt0.4_seeds1002,12,10000,0.4,1002,7177,2623,4554,8369,1455,431,342,217,189,117,79,47,19,10,2,2,0,0,0,0,0,0,0,0,0,0,0,0,0,0,0,0,0,0,0,0,0,0,0,0,0,0,0,0,0,0,0
clifford_simp_not_post_basic,q12_gates10000_pt0.4_seeds1003,12,10000,0.4,1003,7289,2776,4513,8640,1549,507,367,237,153,128,66,36,22,21,4,3,5,0,0,0,0,0,0,0,0,0,0,0,0,0,0,0,0,0,0,0,0,0,0,0,0,0,0,0,0,0,0
clifford_simp_not_post_basic,q12_gates10000_pt0.4_seeds1004,12,10000,0.4,1004,7256,2722,4534,8212,1509,476,330,290,191,112,43,32,22,9,2,0,0,0,0,2,0,0,0,0,0,0,0,0,0,0,0,0,0,0,0,0,0,0,0,0,0,0,0,0,0,0,0
clifford_simp_not_post_basic,q12_gates10000_pt0.4_seeds1005,12,10000,0.4,1005,7250,2671,4579,9108,1485,433,356,230,182,103,52,52,34,17,4,12,6,3,0,0,0,0,0,0,0,1,0,0,0,0,0,0,0,0,0,0,0,0,0,0,0,0,0,0,0,0,0
clifford_simp_not_post_basic,q12_gates10000_pt0.4_seeds1006,12,10000,0.4,1006,6993,2611,4382,8354,1459,443,331,249,175,108,63,49,17,15,6,2,0,1,0,0,0,0,0,0,0,0,0,0,0,0,0,0,0,0,0,0,0,0,0,0,0,0,0,0,0,0,0
clifford_simp_not_post_basic,q12_gates10000_pt0.4_seeds1007,12,10000,0.4,1007,7385,2684,4701,8977,1483,419,379,186,189,125,74,46,36,20,5,1,2,0,0,0,1,0,0,0,0,0,0,0,0,0,0,0,0,0,0,0,0,0,0,0,0,0,0,0,0,0,0
clifford_simp_not_post_basic,q12_gates10000_pt0.4_seeds1008,12,10000,0.4,1008,7106,2696,4410,8047,1489,464,344,258,170,128,73,33,7,10,2,0,0,0,0,0,0,0,0,0,0,0,0,0,0,0,0,0,0,0,0,0,0,0,0,0,0,0,0,0,0,0,0
clifford_simp_not_post_basic,q12_gates10000_pt0.4_seeds1009,12,10000,0.4,1009,7258,2727,4531,8127,1509,489,337,255,186,121,59,38,15,9,0,0,0,0,0,0,0,0,0,0,0,0,0,0,0,0,0,0,0,0,0,0,0,0,0,0,0,0,0,0,0,0,0
clifford_simp_not_post_basic,q16_gates10000_pt0_seeds1000,16,10000,0,1000,231,70,161,277,64,32,0,5,26,1,0,0,0,0,0,0,0,0,0,0,0,0,0,0,0,0,0,0,0,0,0,0,0,0,0,0,0,0,0,0,0,0,0,0,0,0,0
clifford_simp_not_post_basic,q16_gates10000_pt0_seeds1001,16,10000,0,1001,264,75,189,291,64,32,0,5,22,5,0,0,0,0,0,0,0,0,0,0,0,0,0,0,0,0,0,0,0,0,0,0,0,0,0,0,0,0,0,0,0,0,0,0,0,0,0
clifford_simp_not_post_basic,q16_gates10000_pt0_seeds1002,16,10000,0,1002,235,70,165,265,64,32,0,13,15,4,0,0,0,0,0,0,0,0,0,0,0,0,0,0,0,0,0,0,0,0,0,0,0,0,0,0,0,0,0,0,0,0,0,0,0,0,0
clifford_simp_not_post_basic,q16_gates10000_pt0_seeds1003,16,10000,0,1003,259,75,184,287,64,32,0,5,22,5,0,0,0,0,0,0,0,0,0,0,0,0,0,0,0,0,0,0,0,0,0,0,0,0,0,0,0,0,0,0,0,0,0,0,0,0,0
clifford_simp_not_post_basic,q16_gates10000_pt0_seeds1004,16,10000,0,1004,251,77,174,280,64,32,1,4,23,4,0,0,0,0,0,0,0,0,0,0,0,0,0,0,0,0,0,0,0,0,0,0,0,0,0,0,0,0,0,0,0,0,0,0,0,0,0
clifford_simp_not_post_basic,q16_gates10000_pt0_seeds1005,16,10000,0,1005,249,72,177,274,64,32,0,10,19,3,0,0,0,0,0,0,0,0,0,0,0,0,0,0,0,0,0,0,0,0,0,0,0,0,0,0,0,0,0,0,0,0,0,0,0,0,0
clifford_simp_not_post_basic,q16_gates10000_pt0_seeds1006,16,10000,0,1006,244,76,168,278,64,32,0,6,22,4,0,0,0,0,0,0,0,0,0,0,0,0,0,0,0,0,0,0,0,0,0,0,0,0,0,0,0,0,0,0,0,0,0,0,0,0,0
clifford_simp_not_post_basic,q16_gates10000_pt0_seeds1007,16,10000,0,1007,247,72,175,284,64,32,0,8,19,5,0,0,0,0,0,0,0,0,0,0,0,0,0,0,0,0,0,0,0,0,0,0,0,0,0,0,0,0,0,0,0,0,0,0,0,0,0
clifford_simp_not_post_basic,q16_gates10000_pt0_seeds1008,16,10000,0,1008,244,69,175,279,64,32,0,5,23,4,0,0,0,0,0,0,0,0,0,0,0,0,0,0,0,0,0,0,0,0,0,0,0,0,0,0,0,0,0,0,0,0,0,0,0,0,0
clifford_simp_not_post_basic,q16_gates10000_pt0_seeds1009,16,10000,0,1009,238,70,168,279,64,32,1,7,17,7,0,0,0,0,0,0,0,0,0,0,0,0,0,0,0,0,0,0,0,0,0,0,0,0,0,0,0,0,0,0,0,0,0,0,0,0,0
clifford_simp_not_post_basic,q16_gates10000_pt0.04_seeds1000,16,10000,0.04,1000,4203,757,3446,31923,408,36,0,0,1,0,1,1,0,1,1,1,1,2,0,2,2,3,4,1,1,1,1,7,11,4,3,1,0,6,6,12,5,4,8,22,30,62,58,44,32,23,10
clifford_simp_not_post_basic,q16_gates10000_pt0.04_seeds1001,16,10000,0.04,1001,4409,802,3607,35534,430,38,1,0,1,0,0,0,2,2,2,0,0,1,0,3,0,2,0,0,2,2,2,3,1,2,2,5,3,8,11,12,9,2,3,5,6,28,39,57,67,67,42
clifford_simp_not_post_basic,q16_gates10000_pt0.04_seeds1002,16,10000,0.04,1002,4432,795,3637,36865,427,36,1,0,0,0,0,1,1,2,0,0,0,1,1,0,3,4,1,1,2,0,2,1,1,6,4,5,3,0,0,1,0,0,1,2,6,20,24,55,75,74,93
clifford_simp_not_post_basic,q16_gates10000_pt0.04_seeds1003,16,10000,0.04,1003,4084,745,3339,31613,402,37,0,1,0,1,1,1,0,1,5,3,2,0,3,0,1,0,1,0,1,1,0,0,5,3,3,7,3,2,0,1,1,6,10,28,50,45,86,52,27,7,7
clifford_simp_not_post_basic,q16_gates10000_pt0.04_seeds1004,16,10000,0.04,1004,4415,808,3607,35439,429,36,0,1,0,2,0,2,4,3,2,0,1,0,0,0,1,0,1,0,0,0,0,0,0,2,2,8,3,3,4,5,3,13,8,21,28,37,39,51,65,38,46
clifford_simp_not_post_basic,q16_gates10000_pt0.04_seeds1005,16,10000,0.04,1005,4310,787,3523,35112,422,37,0,0,2,0,0,0,0,6,1,0,0,2,0,0,0,1,0,1,3,4,3,2,0,0,1,0,1,2,1,2,0,5,6,9,33,48,54,65,60,41,32
clifford_simp_not_post_basic,q16_gates10000_pt0.04_seeds1006,16,10000,0.04,1006,4046,741,3305,29334,401,43,2,0,1,2,1,0,1,0,1,1,0,0,1,0,0,1,3,2,8,10,3,1,1,0,0,1,3,8,11,9,18,15,36,38,54,60,40,16,10,0,0
clifford_simp_not_post_basic,q16_gates10000_pt0.04_seeds1007,16,10000,0.04,1007,4310,775,3535,34663,416,39,0,0,0,2,0,0,0,0,0,0,0,0,3,3,0,2,0,4,2,3,0,0,0,0,0,0,0,0,1,1,1,1,5,10,41,46,66,86,49,28,23
clifford_simp_not_post_basic,q16_gates10000_pt0.04_seeds1008,16,10000,0.04,1008,4295,776,3519,31281,418,38,3,0,3,0,0,1,3,0,0,0,0,0,3,1,8,9,8,4,5,4,10,6,2,1,0,1,0,0,2,5,5,10,15,30,42,40,48,63,30,12,6
clifford_simp_not_post_basic,q16_gates10000_pt0.04_seeds1009,16,10000,0.04,1009,4148,754,3394,31539,404,37,0,1,0,2,0,0,3,4,1,0,0,0,0,0,2,1,3,1,1,0,1,1,1,0,1,3,4,11,9,7,4,6,20,32,53,58,64,38,24,10,1
clifford_simp_not_post_basic,q16_gates10000_pt0.08_seeds1000,16,10000,0.08,1000,6583,1264,5319,29978,667,50,6,1,2,6,10,22,22,15,13,22,25,33,8,14,20,34,27,21,23,10,14,16,26,45,37,35,29,23,1,6,13,14,8,3,0,1,0,1,1,0,10
clifford_simp_not_post_basic,q16_gates10000_pt0.08_seeds1001,16,10000,0.08,1001,6965,1321,5644,43390,703,58,12,1,5,2,4,9,8,7,8,13,8,11,15,16,26,21,15,13,15,16,20,18,11,25,31,40,22,12,10,8,10,7,7,5,5,11,8,6,13,33,118
clifford_simp_not_post_basic,q16_gates10000_pt0.08_seeds1002,16,10000,0.08,1002,7032,1364,5668,41284,716,51,8,0,6,5,5,17,13,14,23,11,20,30,28,17,10,9,25,30,37,20,23,8,4,3,3,3,17,17,16,19,10,12,5,4,7,12,30,33,30,21,60
clifford_simp_not_post_basic,q16_gates10000_pt0.08_seeds1003,16,10000,0.08,1003,6565,1283,5282,29883,676,60,6,5,6,8,13,16,16,21,11,13,11,16,21,20,20,35,35,27,13,12,27,37,40,19,17,18,18,22,29,16,18,12,8,4,2,0,0,0,0,0,4
clifford_simp_not_post_basic,q16_gates10000_pt0.08_seeds1004,16,10000,0.08,1004,6693,1318,5375,33026,698,64,3,6,1,3,9,15,19,18,18,23,31,38,31,29,25,12,16,13,13,10,10,16,13,24,22,14,8,9,35,37,30,16,11,3,0,6,12,8,2,2,23
clifford_simp_not_post_basic,q16_gates10000_pt0.08_seeds1005,16,10000,0.08,1005,6799,1322,5477,44777,700,63,10,1,6,10,10,7,4,7,6,9,10,4,6,3,8,13,9,16,13,9,24,21,33,35,32,17,12,13,16,14,8,29,26,26,23,14,9,3,6,4,111
clifford_simp_not_post_basic,q16_gates10000_pt0.08_seeds1006,16,10000,0.08,1006,6323,1225,5098,34305,652,55,6,0,1,6,9,7,8,6,9,8,25,33,67,43,28,18,10,8,8,5,10,6,8,20,17,20,15,2,3,1,4,6,9,8,17,25,33,35,20,19,14
clifford_simp_not_post_basic,q16_gates10000_pt0.08_seeds1007,16,10000,0.08,1007,6581,1260,5321,36846,669,54,5,3,2,6,2,7,5,15,11,13,9,9,14,9,22,13,25,16,11,12,10,13,14,16,17,39,61,60,44,40,28,6,2,3,1,4,11,12,5,0,20
clifford_simp_not_post_basic,q16_gates10000_pt0.08_seeds1008,16,10000,0.08,1008,6676,1282,5394,35876,675,50,5,3,7,2,6,7,13,13,20,25,30,14,12,9,18,11,7,9,6,15,11,34,14,13,13,31,30,43,42,44,33,24,10,15,15,6,3,2,0,0,10
clifford_simp_not_post_basic,q16_gates10000_pt0.08_seeds1009,16,10000,0.08,1009,7055,1364,5691,35254,717,56,8,5,2,2,11,9,3,6,23,21,22,34,17,43,18,20,14,8,10,26,45,43,46,27,20,6,7,7,6,13,22,18,21,22,24,8,2,1,0,2,19
clifford_simp_not_post_basic,q16_gates10000_pt0.12_seeds1000,16,10000,0.12,1000,8184,1701,6483,26225,905,97,27,13,25,29,34,30,37,38,50,34,18,28,28,55,86,74,45,28,26,40,26,19,8,1,0,0,1,2,1,0,0,0,0,0,3,0,0,2,0,0,0
clifford_simp_not_post_basic,q16_gates10000_pt0.12_seeds1001,16,10000,0.12,1001,8345,1762,6583,22417,936,97,32,21,31,27,55,73,61,38,55,94,67,51,42,26,27,23,12,17,23,21,8,2,3,16,8,1,2,1,1,1,0,0,0,0,0,0,0,0,0,0,0
clifford_simp_not_post_basic,q16_gates10000_pt0.12_seeds1002,16,10000,0.12,1002,8176,1682,6494,22257,900,98,23,17,20,35,34,41,43,39,45,79,101,77,56,37,29,27,31,20,11,12,10,1,4,6,2,2,0,0,0,0,0,0,0,0,0,0,0,0,0,0,0
clifford_simp_not_post_basic,q16_gates10000_pt0.12_seeds1003,16,10000,0.12,1003,8303,1704,6599,27778,900,90,32,16,18,18,28,30,40,50,40,51,38,48,60,39,25,30,34,21,16,6,20,29,36,8,12,20,30,7,4,1,3,0,0,0,0,0,0,0,0,0,0
clifford_simp_not_post_basic,q16_gates10000_pt0.12_seeds1004,16,10000,0.12,1004,8233,1730,6503,29656,921,99,34,23,20,40,46,49,26,41,48,44,45,37,27,21,19,18,21,21,17,10,19,21,26,17,23,21,22,22,8,4,1,0,0,0,0,0,1,5,3,2,20
clifford_simp_not_post_basic,q16_gates10000_pt0.12_seeds1005,16,10000,0.12,1005,8375,1712,6663,31207,911,98,25,9,10,17,13,19,40,38,35,41,36,47,36,35,26,31,24,56,64,37,40,39,30,14,7,5,2,3,3,2,5,4,2,5,6,3,0,2,0,1,1
clifford_simp_not_post_basic,q16_gates10000_pt0.12_seeds1006,16,10000,0.12,1006,7775,1604,6171,23149,857,93,21,21,19,31,35,43,40,64,64,52,51,33,30,33,36,25,18,18,23,11,5,10,29,31,9,6,1,1,2,0,0,0,1,0,1,0,0,0,0,0,0
clifford_simp_not_post_basic,q16_gates10000_pt0.12_seeds1007,16,10000,0.12,1007,8497,1741,6756,29647,924,98,28,13,19,25,22,35,36,31,37,50,62,44,33,31,27,41,40,52,32,28,18,3,10,11,21,20,11,7,7,9,4,3,5,6,4,1,0,0,0,0,0
clifford_simp_not_post_basic,q16_gates10000_pt0.12_seeds1008,16,10000,0.12,1008,7960,1647,6313,24443,879,84,40,25,21,21,26,46,49,43,60,36,45,47,59,54,54,18,15,14,8,3,19,18,19,14,7,8,4,0,1,3,1,4,4,3,2,0,2,2,0,0,0
clifford_simp_not_post_basic,q16_gates10000_pt0.12_seeds1009,16,10000,0.12,1009,8242,1725,6517,38689,918,100,29,19,24,28,31,23,19,36,58,44,39,35,15,15,19,10,4,12,19,24,42,31,12,8,7,6,7,10,13,10,1,2,2,2,2,4,9,20,28,29,70
clifford_simp_not_post_basic,q16_gates10000_pt0.16_seeds1000,16,10000,0.16,1000,8720,2069,6651,16162,1113,157,85,63,75,109,113,95,97,72,79,56,39,29,16,4,4,9,1,1,1,4,1,0,2,1,0,0,0,0,0,0,0,0,0,0,0,0,0,0,0,0,0
clifford_simp_not_post_basic,q16_gates10000_pt0.16_seeds1001,16,10000,0.16,1001,9217,2072,7145,22722,1109,156,62,46,51,56,65,64,73,79,67,60,71,45,30,29,19,23,22,13,18,23,14,7,1,5,1,0,2,4,3,0,0,0,0,0,0,0,0,0,0,0,0
clifford_simp_not_post_basic,q16_gates10000_pt0.16_seeds1002,16,10000,0.16,1002,9013,2035,6978,21754,1094,150,85,51,47,65,69,49,50,35,55,81,67,61,43,42,35,31,28,18,14,7,3,1,1,2,1,3,0,0,0,0,0,0,0,0,0,0,0,0,0,0,0
clifford_simp_not_post_basic,q16_gates10000_pt0.16_seeds1003,16,10000,0.16,1003,9085,2060,7025,26953,1102,154,75,38,48,48,61,81,68,79,51,50,28,44,33,27,17,22,15,10,13,3,6,6,7,2,2,5,12,27,24,13,10,2,1,2,0,2,4,1,1,7,3
clifford_simp_not_post_basic,q16_gates10000_pt0.16_seeds1004,16,10000,0.16,1004,9109,2082,7027,22698,1114,168,67,42,45,50,48,64,69,66,64,83,94,56,41,18,19,21,17,28,10,14,6,5,2,0,8,6,3,0,0,0,0,0,0,0,0,0,0,0,0,0,0
clifford_simp_not_post_basic,q16_gates10000_pt0.16_seeds1005,16,10000,0.16,1005,8976,1998,6978,21812,1065,142,59,39,29,57,58,55,62,53,81,94,86,69,39,26,15,19,22,25,18,13,2,2,0,0,0,0,0,0,0,0,0,0,0,0,0,0,0,0,0,0,0
clifford_simp_not_post_basic,q16_gates10000_pt0.16_seeds1006,16,10000,0.16,1006,8727,1969,6758,22456,1051,151,59,43,41,54,61,51,42,46,54,52,54,61,69,57,42,21,16,18,29,13,3,3,7,2,0,0,1,0,0,0,1,0,0,0,0,0,0,0,0,0,0
clifford_simp_not_post_basic,q16_gates10000_pt0.16_seeds1007,16,10000,0.16,1007,9327,2102,7225,24939,1122,155,58,53,49,71,55,50,71,51,51,49,51,29,55,37,33,57,40,23,18,6,14,19,14,2,0,7,2,0,0,0,0,0,0,1,1,0,0,0,0,0,0
clifford_simp_not_post_basic,q16_gates10000_pt0.16_seeds1008,16,10000,0.16,1008,8913,1959,6954,33329,1056,144,73,30,23,31,34,42,44,31,53,35,38,30,28,19,30,23,40,23,19,11,12,13,20,32,30,23,12,22,29,27,15,5,6,4,0,0,0,0,2,1,2
clifford_simp_not_post_basic,q16_gates10000_pt0.16_seeds1009,16,10000,0.16,1009,8883,2020,6863,19528,1090,162,56,42,68,73,74,67,77,65,73,76,64,54,40,37,19,13,3,4,6,7,5,2,2,0,0,1,0,0,0,0,0,0,0,0,0,0,0,0,0,0,0
clifford_simp_not_post_basic,q16_gates10000_pt0.2_seeds1000,16,10000,0.2,1000,9392,2280,7112,16130,1231,208,116,88,97,118,108,117,80,65,60,54,41,40,24,5,4,2,3,0,0,0,1,0,0,0,0,0,0,0,0,0,0,0,0,0,0,0,0,0,0,0,0
clifford_simp_not_post_basic,q16_gates10000_pt0.2_seeds1001,16,10000,0.2,1001,9292,2314,6978,18541,1265,227,129,84,65,60,89,123,101,93,68,50,35,34,34,31,18,8,3,2,0,0,6,2,2,0,1,0,0,0,0,0,0,0,0,0,0,0,0,0,0,0,0
clifford_simp_not_post_basic,q16_gates10000_pt0.2_seeds1002,16,10000,0.2,1002,9322,2244,7078,17368,1215,192,96,79,92,83,125,86,96,87,74,48,66,40,21,11,12,6,1,0,0,0,0,0,0,0,0,0,0,0,0,0,0,0,0,0,0,0,0,0,0,0,0
clifford_simp_not_post_basic,q16_gates10000_pt0.2_seeds1003,16,10000,0.2,1003,9361,2334,7027,22018,1263,204,149,74,64,70,65,64,78,71,65,58,47,46,57,38,15,15,15,5,19,15,9,6,0,1,1,1,1,1,2,4,2,1,0,0,0,0,0,0,0,0,0
clifford_simp_not_post_basic,q16_gates10000_pt0.2_seeds1004,16,10000,0.2,1004,9216,2325,6891,17921,1258,225,118,84,86,109,106,93,87,63,46,43,49,44,31,34,16,6,3,5,6,4,0,0,0,0,0,0,0,0,0,0,0,0,0,0,0,0,0,0,0,0,0
clifford_simp_not_post_basic,q16_gates10000_pt0.2_seeds1005,16,10000,0.2,1005,9270,2272,6998,18216,1225,194,115,68,85,100,101,88,102,86,57,44,42,41,34,23,14,14,7,3,3,1,0,0,0,3,0,0,0,0,0,0,0,0,0,0,0,0,0,0,0,0,0
clifford_simp_not_post_basic,q16_gates10000_pt0.2_seeds1006,16,10000,0.2,1006,8910,2170,6740,18291,1163,180,104,63,85,74,92,77,86,86,68,61,39,36,27,16,13,14,16,11,4,4,4,3,0,0,0,0,0,0,0,0,0,0,0,0,0,0,0,0,0,0,0
clifford_simp_not_post_basic,q16_gates10000_pt0.2_seeds1007,16,10000,0.2,1007,9675,2412,7263,18768,1310,238,119,94,98,115,122,80,77,63,43,44,38,46,38,32,19,14,15,10,4,1,0,0,0,0,0,0,0,0,0,0,0,0,0,0,0,0,0,0,0,0,0
clifford_simp_not_post_basic,q16_gates10000_pt0.2_seeds1008,16,10000,0.2,1008,9251,2273,6978,16545,1248,229,122,83,95,95,98,122,116,67,51,44,37,20,24,13,9,6,4,9,3,1,0,0,0,0,0,0,0,0,0,0,0,0,0,0,0,0,0,0,0,0,0
clifford_simp_not_post_basic,q16_gates10000_pt0.2_seeds1009,16,10000,0.2,1009,9383,2352,7031,18686,1280,236,137,84,88,114,93,86,86,72,57,37,26,19,26,21,20,13,22,14,10,3,4,7,4,1,0,0,0,0,0,0,0,0,0,0,0,0,0,0,0,0,0
clifford_simp_not_post_basic,q16_gates10000_pt0.4_seeds1000,16,10000,0.4,1000,8017,2796,5221,8950,1566,486,373,243,180,110,78,41,24,21,3,1,3,1,1,1,0,0,0,0,0,0,0,0,0,0,0,0,0,0,0,0,0,0,0,0,0,0,0,0,0,0,0
clifford_simp_not_post_basic,q16_gates10000_pt0.4_seeds1001,16,10000,0.4,1001,8220,2637,5583,10599,1452,396,264,203,152,131,110,80,55,26,16,8,7,4,0,0,0,0,0,0,0,0,0,0,0,0,0,0,0,0,0,0,0,0,0,0,0,0,0,0,0,0,0
clifford_simp_not_post_basic,q16_gates10000_pt0.4_seeds1002,16,10000,0.4,1002,8006,2793,5213,9330,1573,523,346,221,178,106,68,50,35,20,12,8,3,3,0,0,0,0,0,0,0,0,0,0,0,0,0,0,0,0,0,0,0,0,0,0,0,0,0,0,0,0,0
clifford_simp_not_post_basic,q16_gates10000_pt0.4_seeds1003,16,10000,0.4,1003,8084,2747,5337,10007,1538,510,302,191,150,115,95,80,41,23,10,8,6,5,2,0,0,0,0,0,0,0,0,0,0,0,0,0,0,0,0,0,0,0,0,0,0,0,0,0,0,0,0
clifford_simp_not_post_basic,q16_gates10000_pt0.4_seeds1004,16,10000,0.4,1004,7779,2747,5032,9386,1529,490,330,215,145,100,108,60,52,22,4,2,1,0,0,0,0,0,0,0,0,0,0,0,0,0,0,0,0,0,0,0,0,0,0,0,0,0,0,0,0,0,0
clifford_simp_not_post_basic,q16_gates10000_pt0.4_seeds1005,16,10000,0.4,1005,8145,2700,5445,9894,1500,477,288,197,156,118,106,59,37,35,14,6,6,0,0,0,1,0,0,0,0,0,0,0,0,0,0,0,0,0,0,0,0,0,0,0,0,0,0,0,0,0,0
clifford_simp_not_post_basic,q16_gates10000_pt0.4_seeds1006,16,10000,0.4,1006,8183,2746,5437,10304,1521,440,333,214,161,105,93,58,42,31,15,9,6,7,3,2,2,0,0,0,0,0,0,0,0,0,0,0,0,0,0,0,0,0,0,0,0,0,0,0,0,0,0
clifford_simp_not_post_basic,q16_gates10000_pt0.4_seeds1007,16,10000,0.4,1007,8175,2773,5402,10093,1542,509,282,199,142,121,120,84,39,26,13,4,0,2,1,0,0,0,0,0,0,0,0,0,0,0,0,0,0,0,0,0,0,0,0,0,0,0,0,0,0,0,0
clifford_simp_not_post_basic,q16_gates10000_pt0.4_seeds1008,16,10000,0.4,1008,8172,2569,5603,10372,1427,401,241,187,190,132,87,65,59,27,20,11,2,4,1,0,0,0,0,0,0,0,0,0,0,0,0,0,0,0,0,0,0,0,0,0,0,0,0,0,0,0,0
clifford_simp_not_post_basic,q16_gates10000_pt0.4_seeds1009,16,10000,0.4,1009,8303,2766,5537,10403,1562,510,278,202,173,127,97,69,35,37,17,8,5,2,0,1,1,0,0,0,0,0,0,0,0,0,0,0,0,0,0,0,0,0,0,0,0,0,0,0,0,0,0
